original_url,target_url,http_status,title,title_length,description,description_length,keywords_tag_present,robots_meta,canonical,h1_count,h1_text,heading_hierarchy_ok,json_ld_types,json_ld_in_head,og_title,og_title_length,og_description,og_description_length,og_image,og_image_status,og_image_dimensions,og_url,og_type,og_site_name,twitter_card,twitter_title,twitter_title_length,twitter_description,twitter_description_length,twitter_image,twitter_site,ttfb_ms,fcp_ms,lcp_ms,cls,images_total,images_missing_alt,buttons_missing_label,favicon_present,internal_links_total,internal_links_generic_anchor,breadcrumb_present,viewport_meta_ok,mobile_horizontal_scroll,url_lowercase,url_no_underscores,issues_count,issues
https://www.myastrazeneca.ch/de/startseite.html,https://www.myastrazeneca.ch/de/startseite.html,200,Startseite | MyAstraZeneca,26,Das Informationsportal für medizinisches Fachpersonal. Hier finden Sie Informationen zu unseren Therapiegebieten & Produkten.,125,YES (remove),,https://www.myastrazeneca.ch/de/startseite.html,1,Willkommen bei myAstraZeneca!,true,,true,Startseite | MyAstraZeneca,26,Das Informationsportal für medizinisches Fachpersonal. Hier finden Sie Informationen zu unseren Therapiegebieten & Produkten.,125,https://www.myastrazeneca.ch//content/dam/intelligentcontent/portals/hcp/ch/en/home/home-thumb.jpg,403,,https://www.myastrazeneca.ch/de/startseite.html,,,,,0,,0,,,1225,1828,1844,0.0294,13,2,2,true,52,0,true,true,false,true,true,18,"title too short (26 chars, min 50) (§1.3) | description too short (125 chars, min 140) (§1.7) | keywords meta tag present — remove it (§1.9) | MISSING: BreadcrumbList schema on non-homepage (§2.3) | 1 image link(s) without alt text (§7.4) | og:title too short (26 chars) (§9.1) | og:image not accessible (HTTP 403) (§9.3) | MISSING: og:type (§9.4) | MISSING: og:site_name (§9.4) | MISSING: twitter:card (§9.5) | MISSING: twitter:title (§9.5) | MISSING: twitter:description (§9.5) | MISSING: twitter:image (§9.5) | MISSING: twitter:site handle (§9.5) | TTFB 1225ms (max 800ms) (§10.5) | FCP 1828ms (max 1800ms) (§10.2) | 2 image(s) missing alt attribute (§11.1) | 2 button(s) missing accessible label (§11.3)"
https://www.myastrazeneca.ch/de/startseite/contact-us.html,https://www.myastrazeneca.ch/de/startseite/contact-us.html,200,Kontaktieren Sie uns,20,,0,no,,https://www.myastrazeneca.ch/de/startseite/contact-us.html,0,,true,,true,,0,,0,https://www.myastrazeneca.ch/,403,,https://www.myastrazeneca.ch/de/startseite/contact-us.html,,,,,0,,0,,,499,540,560,0.5921,4,1,2,true,39,0,true,true,false,true,true,17,"title too short (20 chars, min 50) (§1.3) | MISSING: meta description (§1.5) | MISSING: BreadcrumbList schema on non-homepage (§2.3) | MISSING: H1 (§3.1) | MISSING: og:title (§9.1) | MISSING: og:description (§9.2) | og:image not accessible (HTTP 403) (§9.3) | MISSING: og:type (§9.4) | MISSING: og:site_name (§9.4) | MISSING: twitter:card (§9.5) | MISSING: twitter:title (§9.5) | MISSING: twitter:description (§9.5) | MISSING: twitter:image (§9.5) | MISSING: twitter:site handle (§9.5) | CLS 0.5921 (max 0.1) (§10.4) | 1 image(s) missing alt attribute (§11.1) | 2 button(s) missing accessible label (§11.3)"
https://www.myastrazeneca.ch/de/startseite/produkte.html,https://www.myastrazeneca.ch/de/startseite/produkte.html,200,Produkte - MyAstraZeneca,24,"Hier finden Sie Informationen über medizinische Produkte, Patientenprofile und unterstützende Ressourcen für Angehörige der Gesundheitsberufe.",142,YES (remove),,https://www.myastrazeneca.ch/de/startseite/produkte.html,1,Unsere Produkte,false,,true,,0,,0,https://www.myastrazeneca.ch//content/dam/intelligentcontent/portals/hcp/ch/en/home/products/products-thumb.jpg,403,,https://www.myastrazeneca.ch/de/startseite/produkte.html,,,,,0,,0,,,1019,1060,1376,0.3768,40,19,2,true,75,0,true,true,false,true,true,19,"title too short (24 chars, min 50) (§1.3) | keywords meta tag present — remove it (§1.9) | MISSING: BreadcrumbList schema on non-homepage (§2.3) | Heading hierarchy skipped: H1→H4 (skipped level) (§3.3) | 9 image link(s) without alt text (§7.4) | MISSING: og:title (§9.1) | MISSING: og:description (§9.2) | og:image not accessible (HTTP 403) (§9.3) | MISSING: og:type (§9.4) | MISSING: og:site_name (§9.4) | MISSING: twitter:card (§9.5) | MISSING: twitter:title (§9.5) | MISSING: twitter:description (§9.5) | MISSING: twitter:image (§9.5) | MISSING: twitter:site handle (§9.5) | TTFB 1019ms (max 800ms) (§10.5) | CLS 0.3768 (max 0.1) (§10.4) | 19 image(s) missing alt attribute (§11.1) | 2 button(s) missing accessible label (§11.3)"
https://www.myastrazeneca.ch/de/startseite/produkte/trixeo/aerosphere-technologie.html,https://www.myastrazeneca.ch/de/startseite/produkte/trixeo/aerosphere-technologie.html,200,TRIXEO Aerosphere® Technologie erklärt | MyAstraZeneca,54,Informationen zur TRIXEO Aerosphere® Technologie sowie zu deren Anwendung in der klinischen Praxis. Nur für medizinisches Fachpersonal in der Schweiz.,150,no,noarchive,https://www.myastrazeneca.ch/de/startseite/produkte/trixeo/aerosphere-technologie.html,2,TRIXEO AEROSPHERE® | TRIXEO Aerosphere® Technologie,false,Article,true,,0,,0,https://www.myastrazeneca.ch/,403,,https://www.myastrazeneca.ch/de/startseite/produkte/trixeo/aerosphere-technologie.html,,,,,0,,0,,,887,940,1292,0.8165,6,2,2,true,49,0,true,true,false,true,true,18,"robots meta ""noarchive"" — page may be excluded from index (§1.10) | MISSING: BreadcrumbList schema on non-homepage (§2.3) | Multiple H1s (2) — only one allowed (§3.1) | Heading hierarchy skipped: H1→H4 (skipped level) (§3.3) | MISSING: og:title (§9.1) | MISSING: og:description (§9.2) | og:image not accessible (HTTP 403) (§9.3) | MISSING: og:type (§9.4) | MISSING: og:site_name (§9.4) | MISSING: twitter:card (§9.5) | MISSING: twitter:title (§9.5) | MISSING: twitter:description (§9.5) | MISSING: twitter:image (§9.5) | MISSING: twitter:site handle (§9.5) | TTFB 887ms (max 800ms) (§10.5) | CLS 0.8165 (max 0.1) (§10.4) | 2 image(s) missing alt attribute (§11.1) | 2 button(s) missing accessible label (§11.3)"
https://www.myastrazeneca.ch/de/startseite/produkte/trixeo/copd-management.html,https://www.myastrazeneca.ch/de/startseite/produkte/trixeo/copd-management.html,200,COPD-Management im klinischen Alltag | MyAstraZeneca,52,"COPD-Management: Fachliche Informationen zu klinischen Aspekten, Diagnostik und Betreuung. Nur für medizinisches Fachpersonal in der Schweiz.",141,no,noarchive,https://www.myastrazeneca.ch/de/startseite/produkte/trixeo/copd-management.html,2,TRIXEO AEROSPHERE® | COPD-Management in der ärztlichen Praxis,false,Article,true,,0,,0,https://www.myastrazeneca.ch/,403,,https://www.myastrazeneca.ch/de/startseite/produkte/trixeo/copd-management.html,,,,,0,,0,,,700,760,1636,0.8156,6,2,2,true,49,0,true,true,false,true,true,17,"robots meta ""noarchive"" — page may be excluded from index (§1.10) | MISSING: BreadcrumbList schema on non-homepage (§2.3) | Multiple H1s (2) — only one allowed (§3.1) | Heading hierarchy skipped: H1→H4 (skipped level) (§3.3) | MISSING: og:title (§9.1) | MISSING: og:description (§9.2) | og:image not accessible (HTTP 403) (§9.3) | MISSING: og:type (§9.4) | MISSING: og:site_name (§9.4) | MISSING: twitter:card (§9.5) | MISSING: twitter:title (§9.5) | MISSING: twitter:description (§9.5) | MISSING: twitter:image (§9.5) | MISSING: twitter:site handle (§9.5) | CLS 0.8156 (max 0.1) (§10.4) | 2 image(s) missing alt attribute (§11.1) | 2 button(s) missing accessible label (§11.3)"
https://www.myastrazeneca.ch/de/startseite/produkte/trixeo/events.html,https://www.myastrazeneca.ch/de/startseite/produkte/trixeo/events.html,200,TRIXEO Aerosphere® Events und Fortbildungen | MyAstraZeneca,59,Lernen Sie mehr über TRIXEO Aerosphere® bei einem unserer aktuellen Events und Fortbildungen. Nur für medizinisches Fachpersonal in der Schweiz.,144,no,noarchive,https://www.myastrazeneca.ch/de/startseite/produkte/trixeo/events.html,2,TRIXEO AEROSPHERE® | TRIXEO Aerosphere® Events und Fortbildungen,false,Article,true,,0,,0,https://www.myastrazeneca.ch/,403,,https://www.myastrazeneca.ch/de/startseite/produkte/trixeo/events.html,,,,,0,,0,,,596,644,1540,0.7918,6,2,2,true,49,0,true,true,false,true,true,17,"robots meta ""noarchive"" — page may be excluded from index (§1.10) | MISSING: BreadcrumbList schema on non-homepage (§2.3) | Multiple H1s (2) — only one allowed (§3.1) | Heading hierarchy skipped: H1→H4 (skipped level) (§3.3) | MISSING: og:title (§9.1) | MISSING: og:description (§9.2) | og:image not accessible (HTTP 403) (§9.3) | MISSING: og:type (§9.4) | MISSING: og:site_name (§9.4) | MISSING: twitter:card (§9.5) | MISSING: twitter:title (§9.5) | MISSING: twitter:description (§9.5) | MISSING: twitter:image (§9.5) | MISSING: twitter:site handle (§9.5) | CLS 0.7918 (max 0.1) (§10.4) | 2 image(s) missing alt attribute (§11.1) | 2 button(s) missing accessible label (§11.3)"
https://www.myastrazeneca.ch/de/startseite/produkte/trixeo/ressourcen.html,https://www.myastrazeneca.ch/de/startseite/produkte/trixeo/ressourcen.html,200,TRIXEO Ressourcen für medizinisches Fachpersonal | AstraZeneca CH,65,"Hier finden Sie eine Liste von TRIXEO®-Materialien, die Sie in Ihrer Praxis verwenden können. Nur für medizinisches Fachpersonal in der Schweiz.",144,no,noarchive,https://www.myastrazeneca.ch/de/startseite/produkte/trixeo/ressourcen.html,1,TRIXEO AEROSPHERE®,false,Article,true,,0,,0,https://www.myastrazeneca.ch/,403,,https://www.myastrazeneca.ch/de/startseite/produkte/trixeo/ressourcen.html,,,,,0,,0,,,662,720,2588,0.8156,6,2,2,true,49,0,true,true,false,true,true,18,"title too long (65 chars, max 60) (§1.3) | robots meta ""noarchive"" — page may be excluded from index (§1.10) | MISSING: BreadcrumbList schema on non-homepage (§2.3) | Heading hierarchy skipped: H2→H4 (skipped level) (§3.3) | MISSING: og:title (§9.1) | MISSING: og:description (§9.2) | og:image not accessible (HTTP 403) (§9.3) | MISSING: og:type (§9.4) | MISSING: og:site_name (§9.4) | MISSING: twitter:card (§9.5) | MISSING: twitter:title (§9.5) | MISSING: twitter:description (§9.5) | MISSING: twitter:image (§9.5) | MISSING: twitter:site handle (§9.5) | LCP 2588ms (max 2500ms) (§10.1) | CLS 0.8156 (max 0.1) (§10.4) | 2 image(s) missing alt attribute (§11.1) | 2 button(s) missing accessible label (§11.3)"
https://www.myastrazeneca.ch/de/startseite/produkte/trixeo/ressourcen.html,https://www.myastrazeneca.ch/de/startseite/produkte/trixeo/ressourcen.html,200,TRIXEO Ressourcen für medizinisches Fachpersonal | AstraZeneca CH,65,"Hier finden Sie eine Liste von TRIXEO®-Materialien, die Sie in Ihrer Praxis verwenden können. Nur für medizinisches Fachpersonal in der Schweiz.",144,no,noarchive,https://www.myastrazeneca.ch/de/startseite/produkte/trixeo/ressourcen.html,1,TRIXEO AEROSPHERE®,false,Article,true,,0,,0,https://www.myastrazeneca.ch/,403,,https://www.myastrazeneca.ch/de/startseite/produkte/trixeo/ressourcen.html,,,,,0,,0,,,659,716,1220,0.8162,6,2,2,true,49,0,true,true,false,true,true,17,"title too long (65 chars, max 60) (§1.3) | robots meta ""noarchive"" — page may be excluded from index (§1.10) | MISSING: BreadcrumbList schema on non-homepage (§2.3) | Heading hierarchy skipped: H2→H4 (skipped level) (§3.3) | MISSING: og:title (§9.1) | MISSING: og:description (§9.2) | og:image not accessible (HTTP 403) (§9.3) | MISSING: og:type (§9.4) | MISSING: og:site_name (§9.4) | MISSING: twitter:card (§9.5) | MISSING: twitter:title (§9.5) | MISSING: twitter:description (§9.5) | MISSING: twitter:image (§9.5) | MISSING: twitter:site handle (§9.5) | CLS 0.8162 (max 0.1) (§10.4) | 2 image(s) missing alt attribute (§11.1) | 2 button(s) missing accessible label (§11.3)"
https://www.myastrazeneca.ch/de/startseite/produkte/trixeo/ressourcen/3-molekuele-der-dreifachtherapie-gegen-kardiopulmonales-risiko-de.html,https://www.myastrazeneca.ch/de/startseite/produkte/trixeo/ressourcen/3-molekuele-der-dreifachtherapie-gegen-kardiopulmonales-risiko-de.html,200,Dreifachtherapie und kardiopulmonale Risikofaktoren | MyAstraZeneca,67,Informationen zur Dreifachtherapie im klinischen Kontext kardiopulmonaler Risikofaktoren. Nur für medizinisches Fachpersonal in der Schweiz.,140,no,noarchive,https://www.myastrazeneca.ch/de/startseite/produkte/trixeo/ressourcen/3-molekuele-der-dreifachtherapie-gegen-kardiopulmonales-risiko-de.html,1,Dreifachtherapie im klinischen Kontext von COPD und kardiopulmonalen Risikofaktoren,false,Article,true,,0,,0,https://www.myastrazeneca.ch/,403,,https://www.myastrazeneca.ch/de/startseite/produkte/trixeo/ressourcen/3-molekuele-der-dreifachtherapie-gegen-kardiopulmonales-risiko-de.html,,,,,0,,0,,,546,604,604,0.0251,3,0,2,true,41,0,true,true,false,true,true,15,"title too long (67 chars, max 60) (§1.3) | robots meta ""noarchive"" — page may be excluded from index (§1.10) | MISSING: BreadcrumbList schema on non-homepage (§2.3) | Heading hierarchy skipped: H1→H4 (skipped level) (§3.3) | MISSING: og:title (§9.1) | MISSING: og:description (§9.2) | og:image not accessible (HTTP 403) (§9.3) | MISSING: og:type (§9.4) | MISSING: og:site_name (§9.4) | MISSING: twitter:card (§9.5) | MISSING: twitter:title (§9.5) | MISSING: twitter:description (§9.5) | MISSING: twitter:image (§9.5) | MISSING: twitter:site handle (§9.5) | 2 button(s) missing accessible label (§11.3)"
https://www.myastrazeneca.ch/de/startseite/produkte/trixeo/ressourcen/anwendungsbroschuere-trixeo-aerosphere-de.html,https://www.myastrazeneca.ch/de/startseite/produkte/trixeo/ressourcen/anwendungsbroschuere-trixeo-aerosphere-de.html,200,TRIXEO Aerosphere® Anwendungsbroschüre | MyAstraZeneca,54,TRIXEO Aerosphere® Broschüre zur Anwendung mit Informationen zu Dosierung und Handhabung. Nur für medizinisches Fachpersonal in der Schweiz.,140,no,noarchive,https://www.myastrazeneca.ch/de/startseite/produkte/trixeo/ressourcen/anwendungsbroschuere-trixeo-aerosphere-de.html,1,Anwendungsbroschüre für TRIXEO Aerosphere®,false,Article,true,,0,,0,https://www.myastrazeneca.ch/,403,,https://www.myastrazeneca.ch/de/startseite/produkte/trixeo/ressourcen/anwendungsbroschuere-trixeo-aerosphere-de.html,,,,,0,,0,,,762,820,840,0.0252,4,1,2,true,41,0,true,true,false,true,true,15,"robots meta ""noarchive"" — page may be excluded from index (§1.10) | MISSING: BreadcrumbList schema on non-homepage (§2.3) | Heading hierarchy skipped: H1→H4 (skipped level) (§3.3) | MISSING: og:title (§9.1) | MISSING: og:description (§9.2) | og:image not accessible (HTTP 403) (§9.3) | MISSING: og:type (§9.4) | MISSING: og:site_name (§9.4) | MISSING: twitter:card (§9.5) | MISSING: twitter:title (§9.5) | MISSING: twitter:description (§9.5) | MISSING: twitter:image (§9.5) | MISSING: twitter:site handle (§9.5) | 1 image(s) missing alt attribute (§11.1) | 2 button(s) missing accessible label (§11.3)"
https://www.myastrazeneca.ch/de/startseite/produkte/trixeo/ressourcen/anwendungskarte-trixeo-aerosphere-de.html,https://www.myastrazeneca.ch/de/startseite/produkte/trixeo/ressourcen/anwendungskarte-trixeo-aerosphere-de.html,200,"Anwendung von TRIXEO Aerosphere®, Symbicort® & Vannair® | MyAstraZeneca",71,"Kurze Anwendungsvideos von TRIXEO Aerosphere®, Symbicort® und Vannair® in der Übersicht. Nur für medizinisches Fachpersonal in der Schweiz.",139,no,noarchive,https://www.myastrazeneca.ch/de/startseite/produkte/trixeo/ressourcen/anwendungskarte-trixeo-aerosphere-de.html,1,"Kurzanleitungen zur richtigen Anwendungen von TRIXEO Aerosphere®, Symbicort® und Vannair®",false,Article,true,,0,,0,https://www.myastrazeneca.ch/,403,,https://www.myastrazeneca.ch/de/startseite/produkte/trixeo/ressourcen/anwendungskarte-trixeo-aerosphere-de.html,,,,,0,,0,,,702,748,812,0.0252,4,1,2,true,41,0,true,true,false,true,true,17,"title too long (71 chars, max 60) (§1.3) | description too short (139 chars, min 140) (§1.7) | robots meta ""noarchive"" — page may be excluded from index (§1.10) | MISSING: BreadcrumbList schema on non-homepage (§2.3) | Heading hierarchy skipped: H1→H4 (skipped level) (§3.3) | MISSING: og:title (§9.1) | MISSING: og:description (§9.2) | og:image not accessible (HTTP 403) (§9.3) | MISSING: og:type (§9.4) | MISSING: og:site_name (§9.4) | MISSING: twitter:card (§9.5) | MISSING: twitter:title (§9.5) | MISSING: twitter:description (§9.5) | MISSING: twitter:image (§9.5) | MISSING: twitter:site handle (§9.5) | 1 image(s) missing alt attribute (§11.1) | 2 button(s) missing accessible label (§11.3)"
https://www.myastrazeneca.ch/de/startseite/produkte/trixeo/ressourcen/checkliste-fuer-copd-exazerbationen-de.html,https://www.myastrazeneca.ch/de/startseite/produkte/trixeo/ressourcen/checkliste-fuer-copd-exazerbationen-de.html,200,Checkliste für COPD-Exazerbationen | MyAstraZeneca,50,Checkliste zur Dokumentation von COPD-Exazerbationen zur strukturierten Erfassung im klinischen Alltag. Nur für medizinisches Fachpersonal in der Schweiz.,154,no,noarchive,https://www.myastrazeneca.ch/de/startseite/produkte/trixeo/ressourcen/checkliste-fuer-copd-exazerbationen-de.html,1,COPD-Exazerbation erkennen: Checkliste für Patientinnen und Patienten,false,Article,true,,0,,0,https://www.myastrazeneca.ch/,403,,https://www.myastrazeneca.ch/de/startseite/produkte/trixeo/ressourcen/checkliste-fuer-copd-exazerbationen-de.html,,,,,0,,0,,,613,672,704,0.0249,4,1,2,true,41,0,true,true,false,true,true,15,"robots meta ""noarchive"" — page may be excluded from index (§1.10) | MISSING: BreadcrumbList schema on non-homepage (§2.3) | Heading hierarchy skipped: H1→H4 (skipped level) (§3.3) | MISSING: og:title (§9.1) | MISSING: og:description (§9.2) | og:image not accessible (HTTP 403) (§9.3) | MISSING: og:type (§9.4) | MISSING: og:site_name (§9.4) | MISSING: twitter:card (§9.5) | MISSING: twitter:title (§9.5) | MISSING: twitter:description (§9.5) | MISSING: twitter:image (§9.5) | MISSING: twitter:site handle (§9.5) | 1 image(s) missing alt attribute (§11.1) | 2 button(s) missing accessible label (§11.3)"
https://www.myastrazeneca.ch/de/startseite/produkte/trixeo/ressourcen/copd-datenblatt-de.html,https://www.myastrazeneca.ch/de/startseite/produkte/trixeo/ressourcen/copd-datenblatt-de.html,200,COPD-Datenblatt | MyAstraZeneca,31,COPD-Datenblatt zur strukturierten Selbstdokumentation von Symptomen und Verlauf in Alltag. Nur für medizinisches Fachpersonal | MyAstraZeneca,142,no,noarchive,https://www.myastrazeneca.ch/de/startseite/produkte/trixeo/ressourcen/copd-datenblatt-de.html,1,COPD-Datenblatt für Patientinnen und Patienten,false,Article,true,,0,,0,https://www.myastrazeneca.ch/,403,,https://www.myastrazeneca.ch/de/startseite/produkte/trixeo/ressourcen/copd-datenblatt-de.html,,,,,0,,0,,,555,616,616,0.0246,4,1,2,true,41,0,true,true,false,true,true,16,"title too short (31 chars, min 50) (§1.3) | robots meta ""noarchive"" — page may be excluded from index (§1.10) | MISSING: BreadcrumbList schema on non-homepage (§2.3) | Heading hierarchy skipped: H1→H4 (skipped level) (§3.3) | MISSING: og:title (§9.1) | MISSING: og:description (§9.2) | og:image not accessible (HTTP 403) (§9.3) | MISSING: og:type (§9.4) | MISSING: og:site_name (§9.4) | MISSING: twitter:card (§9.5) | MISSING: twitter:title (§9.5) | MISSING: twitter:description (§9.5) | MISSING: twitter:image (§9.5) | MISSING: twitter:site handle (§9.5) | 1 image(s) missing alt attribute (§11.1) | 2 button(s) missing accessible label (§11.3)"
https://www.myastrazeneca.ch/de/startseite/produkte/trixeo/ressourcen/copd-und-lungenkrebs-de.html,https://www.myastrazeneca.ch/de/startseite/produkte/trixeo/ressourcen/copd-und-lungenkrebs-de.html,200,COPD und Lungenkrebs | MyAstraZeneca,36,Themenzeitung für Patientinnen und Patienten zu COPD und Lungenkrebs inklusive Erfahrungsberichten. Nur für medizinisches Fachpersonal in der Schweiz.,150,no,noarchive,https://www.myastrazeneca.ch/de/startseite/produkte/trixeo/ressourcen/copd-und-lungenkrebs-de.html,1,COPD und Lungenkrebs: Informationen für Ihre Patientinnen und Patienten,false,Article,true,,0,,0,https://www.myastrazeneca.ch/,403,,https://www.myastrazeneca.ch/de/startseite/produkte/trixeo/ressourcen/copd-und-lungenkrebs-de.html,,,,,0,,0,,,559,604,624,0.0246,4,1,2,true,41,0,true,true,false,true,true,16,"title too short (36 chars, min 50) (§1.3) | robots meta ""noarchive"" — page may be excluded from index (§1.10) | MISSING: BreadcrumbList schema on non-homepage (§2.3) | Heading hierarchy skipped: H1→H4 (skipped level) (§3.3) | MISSING: og:title (§9.1) | MISSING: og:description (§9.2) | og:image not accessible (HTTP 403) (§9.3) | MISSING: og:type (§9.4) | MISSING: og:site_name (§9.4) | MISSING: twitter:card (§9.5) | MISSING: twitter:title (§9.5) | MISSING: twitter:description (§9.5) | MISSING: twitter:image (§9.5) | MISSING: twitter:site handle (§9.5) | 1 image(s) missing alt attribute (§11.1) | 2 button(s) missing accessible label (§11.3)"
https://www.myastrazeneca.ch/de/startseite/produkte/trixeo/ressourcen/ethos-studienzusammenfassung-de.html,https://www.myastrazeneca.ch/de/startseite/produkte/trixeo/ressourcen/ethos-studienzusammenfassung-de.html,200,Die ETHOS Studie | MyAstraZeneca,32,Die ETHOS-Studienergebnissen zur Dreifachtherapie im COPD-Kontext im klinischen Überblick. Nur für medizinisches Fachpersonal in der Schweiz.,141,no,noarchive,https://www.myastrazeneca.ch/de/startseite/produkte/trixeo/ressourcen/ethos-studienzusammenfassung-de.html,1,Die ETHOS Studie: Wirksamkeit und Sicherheit der inhalativen Dreifachtherapie bei COPD,false,Article,true,,0,,0,https://www.myastrazeneca.ch/,403,,https://www.myastrazeneca.ch/de/startseite/produkte/trixeo/ressourcen/ethos-studienzusammenfassung-de.html,,,,,0,,0,,,578,640,688,0.0219,4,1,2,true,41,0,true,true,false,true,true,16,"title too short (32 chars, min 50) (§1.3) | robots meta ""noarchive"" — page may be excluded from index (§1.10) | MISSING: BreadcrumbList schema on non-homepage (§2.3) | Heading hierarchy skipped: H1→H4 (skipped level) (§3.3) | MISSING: og:title (§9.1) | MISSING: og:description (§9.2) | og:image not accessible (HTTP 403) (§9.3) | MISSING: og:type (§9.4) | MISSING: og:site_name (§9.4) | MISSING: twitter:card (§9.5) | MISSING: twitter:title (§9.5) | MISSING: twitter:description (§9.5) | MISSING: twitter:image (§9.5) | MISSING: twitter:site handle (§9.5) | 1 image(s) missing alt attribute (§11.1) | 2 button(s) missing accessible label (§11.3)"
https://www.myastrazeneca.ch/de/startseite/produkte/trixeo/ressourcen/fachinformation-von-trixeo-aerosphere-de.html,https://www.myastrazeneca.ch/de/startseite/produkte/trixeo/ressourcen/fachinformation-von-trixeo-aerosphere-de.html,200,TRIXEO Aerosphere® Fachinformation | MyAstraZeneca,50,Fachinformationen zu TRIXEO Aerosphere® für die Schweiz mit Angaben zu Anwendung und Dosierung. Nur für medizinisches Fachpersonal in der Schweiz.,146,no,noarchive,https://www.myastrazeneca.ch/de/startseite/produkte/trixeo/ressourcen/fachinformation-von-trixeo-aerosphere-de.html,1,Fachinformation zu TRIXEO Aerosphere®,false,Article,true,,0,,0,https://www.myastrazeneca.ch/,403,,https://www.myastrazeneca.ch/de/startseite/produkte/trixeo/ressourcen/fachinformation-von-trixeo-aerosphere-de.html,,,,,0,,0,,,704,740,760,0.0249,4,1,2,true,41,0,true,true,false,true,true,15,"robots meta ""noarchive"" — page may be excluded from index (§1.10) | MISSING: BreadcrumbList schema on non-homepage (§2.3) | Heading hierarchy skipped: H1→H4 (skipped level) (§3.3) | MISSING: og:title (§9.1) | MISSING: og:description (§9.2) | og:image not accessible (HTTP 403) (§9.3) | MISSING: og:type (§9.4) | MISSING: og:site_name (§9.4) | MISSING: twitter:card (§9.5) | MISSING: twitter:title (§9.5) | MISSING: twitter:description (§9.5) | MISSING: twitter:image (§9.5) | MISSING: twitter:site handle (§9.5) | 1 image(s) missing alt attribute (§11.1) | 2 button(s) missing accessible label (§11.3)"
https://www.myastrazeneca.ch/de/startseite/produkte/trixeo/ressourcen/kronos-studienzusammenfassung-de.html,https://www.myastrazeneca.ch/de/startseite/produkte/trixeo/ressourcen/kronos-studienzusammenfassung-de.html,200,Die KRONOS Studie | MyAstraZeneca,33,"KRONOS-Studie Überblick zu Zielsetzung, Methodik und Ergebnissen der inhalativen Dreifachtherapie. Nur für medizinisches Fachpersonal in der Schweiz.",149,no,noarchive,https://www.myastrazeneca.ch/de/startseite/produkte/trixeo/ressourcen/kronos-studienzusammenfassung-de.html,1,Die KRONOS Studie: Wirksamkeit und Sicherheit der inhalativen Dreifachtherapie bei COPD,false,Article,true,,0,,0,https://www.myastrazeneca.ch/,403,,https://www.myastrazeneca.ch/de/startseite/produkte/trixeo/ressourcen/kronos-studienzusammenfassung-de.html,,,,,0,,0,,,563,620,648,0.0218,4,1,2,true,41,0,true,true,false,true,true,16,"title too short (33 chars, min 50) (§1.3) | robots meta ""noarchive"" — page may be excluded from index (§1.10) | MISSING: BreadcrumbList schema on non-homepage (§2.3) | Heading hierarchy skipped: H1→H4 (skipped level) (§3.3) | MISSING: og:title (§9.1) | MISSING: og:description (§9.2) | og:image not accessible (HTTP 403) (§9.3) | MISSING: og:type (§9.4) | MISSING: og:site_name (§9.4) | MISSING: twitter:card (§9.5) | MISSING: twitter:title (§9.5) | MISSING: twitter:description (§9.5) | MISSING: twitter:image (§9.5) | MISSING: twitter:site handle (§9.5) | 1 image(s) missing alt attribute (§11.1) | 2 button(s) missing accessible label (§11.3)"
https://www.myastrazeneca.ch/de/startseite/produkte/trixeo/ressourcen/lunge-und-herz-ein-unzertrennliches-duo-de.html,https://www.myastrazeneca.ch/de/startseite/produkte/trixeo/ressourcen/lunge-und-herz-ein-unzertrennliches-duo-de.html,200,COPD und kardiovaskuläre Risiken | MyAstraZeneca,48,COPD und kardiovaskuläre Risiken: Zusammenspiel von Lunge und Herz im klinischen Kontext. Nur für medizinisches Fachpersonal in der Schweiz.,140,no,noarchive,https://www.myastrazeneca.ch/de/startseite/produkte/trixeo/ressourcen/lunge-und-herz-ein-unzertrennliches-duo-de.html,1,COPD und das Risiko für kardiovaskuläre Ereignisse,false,Article,true,,0,,0,https://www.myastrazeneca.ch/,403,,https://www.myastrazeneca.ch/de/startseite/produkte/trixeo/ressourcen/lunge-und-herz-ein-unzertrennliches-duo-de.html,,,,,0,,0,,,605,656,676,0.0251,4,1,2,true,41,0,true,true,false,true,true,16,"title too short (48 chars, min 50) (§1.3) | robots meta ""noarchive"" — page may be excluded from index (§1.10) | MISSING: BreadcrumbList schema on non-homepage (§2.3) | Heading hierarchy skipped: H1→H4 (skipped level) (§3.3) | MISSING: og:title (§9.1) | MISSING: og:description (§9.2) | og:image not accessible (HTTP 403) (§9.3) | MISSING: og:type (§9.4) | MISSING: og:site_name (§9.4) | MISSING: twitter:card (§9.5) | MISSING: twitter:title (§9.5) | MISSING: twitter:description (§9.5) | MISSING: twitter:image (§9.5) | MISSING: twitter:site handle (§9.5) | 1 image(s) missing alt attribute (§11.1) | 2 button(s) missing accessible label (§11.3)"
https://www.myastrazeneca.ch/de/startseite/produkte/trixeo/ressourcen/patient-poster-copd-de.html,https://www.myastrazeneca.ch/de/startseite/produkte/trixeo/ressourcen/patient-poster-copd-de.html,200,Patientenposter zu COPD | MyAstraZeneca,39,Entdecken Sie ein COPD-Patientenposter inklusive Informationen zu den Symptomen und Risikofaktoren. Nur für medizinisches Fachpersonal in der Schweiz.,150,no,noarchive,https://www.myastrazeneca.ch/de/startseite/produkte/trixeo/ressourcen/patient-poster-copd-de.html,1,COPD-Patientenposter zur Aufklärung,false,Article,true,,0,,0,https://www.myastrazeneca.ch/,403,,https://www.myastrazeneca.ch/de/startseite/produkte/trixeo/ressourcen/patient-poster-copd-de.html,,,,,0,,0,,,557,608,624,0.0252,4,1,2,true,41,0,true,true,false,true,true,16,"title too short (39 chars, min 50) (§1.3) | robots meta ""noarchive"" — page may be excluded from index (§1.10) | MISSING: BreadcrumbList schema on non-homepage (§2.3) | Heading hierarchy skipped: H1→H4 (skipped level) (§3.3) | MISSING: og:title (§9.1) | MISSING: og:description (§9.2) | og:image not accessible (HTTP 403) (§9.3) | MISSING: og:type (§9.4) | MISSING: og:site_name (§9.4) | MISSING: twitter:card (§9.5) | MISSING: twitter:title (§9.5) | MISSING: twitter:description (§9.5) | MISSING: twitter:image (§9.5) | MISSING: twitter:site handle (§9.5) | 1 image(s) missing alt attribute (§11.1) | 2 button(s) missing accessible label (§11.3)"
https://www.myastrazeneca.ch/de/startseite/produkte/trixeo/ressourcen/patientenbroschure-zur-copd-de.html,https://www.myastrazeneca.ch/de/startseite/produkte/trixeo/ressourcen/patientenbroschure-zur-copd-de.html,200,COPD-Broschüre für Ihre Patienten | MyAstraZeneca,49,COPD-Patientenbroschüre zu Therapieoptionen und eigenverantwortlichen Massnahmen im Überblick. Nur für medizinisches Fachpersonal in der Schweiz.,145,no,noarchive,https://www.myastrazeneca.ch/de/startseite/produkte/trixeo/ressourcen/patientenbroschure-zur-copd-de.html,1,COPD-Patientenbroschüre zur Behandlung und zum Management,false,Article,true,,0,,0,https://www.myastrazeneca.ch/,403,,https://www.myastrazeneca.ch/de/startseite/produkte/trixeo/ressourcen/patientenbroschure-zur-copd-de.html,,,,,0,,0,,,1028,1288,1288,0.0267,4,1,2,true,41,0,true,true,false,true,true,17,"title too short (49 chars, min 50) (§1.3) | robots meta ""noarchive"" — page may be excluded from index (§1.10) | MISSING: BreadcrumbList schema on non-homepage (§2.3) | Heading hierarchy skipped: H1→H4 (skipped level) (§3.3) | MISSING: og:title (§9.1) | MISSING: og:description (§9.2) | og:image not accessible (HTTP 403) (§9.3) | MISSING: og:type (§9.4) | MISSING: og:site_name (§9.4) | MISSING: twitter:card (§9.5) | MISSING: twitter:title (§9.5) | MISSING: twitter:description (§9.5) | MISSING: twitter:image (§9.5) | MISSING: twitter:site handle (§9.5) | TTFB 1028ms (max 800ms) (§10.5) | 1 image(s) missing alt attribute (§11.1) | 2 button(s) missing accessible label (§11.3)"
https://www.myastrazeneca.ch/de/startseite/produkte/trixeo/ressourcen/slide-deck-copd-now-de.html,https://www.myastrazeneca.ch/de/startseite/produkte/trixeo/ressourcen/slide-deck-copd-now-de.html,200,Präsentation zum COPD-Management in der Praxis | MyAstraZeneca,62,COPD-Management im klinischen Kontext: Überblick zu Exazerbationen und kardiopulmonalen Risiken. Nur für medizinisches Fachpersonal in der Schweiz.,147,no,noarchive,https://www.myastrazeneca.ch/de/startseite/produkte/trixeo/ressourcen/slide-deck-copd-now-de.html,1,Präsentation zum COPD-Management im klinischen Kontext,false,Article,true,,0,,0,https://www.myastrazeneca.ch/,403,,https://www.myastrazeneca.ch/de/startseite/produkte/trixeo/ressourcen/slide-deck-copd-now-de.html,,,,,0,,0,,,682,1280,1280,0.023,4,1,2,true,41,0,true,true,false,true,true,16,"title too long (62 chars, max 60) (§1.3) | robots meta ""noarchive"" — page may be excluded from index (§1.10) | MISSING: BreadcrumbList schema on non-homepage (§2.3) | Heading hierarchy skipped: H1→H4 (skipped level) (§3.3) | MISSING: og:title (§9.1) | MISSING: og:description (§9.2) | og:image not accessible (HTTP 403) (§9.3) | MISSING: og:type (§9.4) | MISSING: og:site_name (§9.4) | MISSING: twitter:card (§9.5) | MISSING: twitter:title (§9.5) | MISSING: twitter:description (§9.5) | MISSING: twitter:image (§9.5) | MISSING: twitter:site handle (§9.5) | 1 image(s) missing alt attribute (§11.1) | 2 button(s) missing accessible label (§11.3)"
https://www.myastrazeneca.ch/de/startseite/produkte/trixeo/ressourcen/slide-deck-trixeo-aerosphere-technologie-de.html,https://www.myastrazeneca.ch/de/startseite/produkte/trixeo/ressourcen/slide-deck-trixeo-aerosphere-technologie-de.html,200,TRIXEO Aerosphere® Technologie im Überblick | MyAstraZeneca,59,Präsentation zur TRIXEO Aerosphere® Technologie mit Informationen zu Wirkprinzip und Anwendung. Nur für medizinisches Fachpersonal in der Schweiz.,146,no,noarchive,https://www.myastrazeneca.ch/de/startseite/produkte/trixeo/ressourcen/slide-deck-trixeo-aerosphere-technologie-de.html,1,TRIXEO Aerosphere® Technologie – zusammengefasst in einer kompakten Präsentation,false,Article,true,,0,,0,https://www.myastrazeneca.ch/,403,,https://www.myastrazeneca.ch/de/startseite/produkte/trixeo/ressourcen/slide-deck-trixeo-aerosphere-technologie-de.html,,,,,0,,0,,,1055,1276,1324,0.0367,4,1,2,true,41,0,true,true,false,true,true,16,"robots meta ""noarchive"" — page may be excluded from index (§1.10) | MISSING: BreadcrumbList schema on non-homepage (§2.3) | Heading hierarchy skipped: H1→H4 (skipped level) (§3.3) | MISSING: og:title (§9.1) | MISSING: og:description (§9.2) | og:image not accessible (HTTP 403) (§9.3) | MISSING: og:type (§9.4) | MISSING: og:site_name (§9.4) | MISSING: twitter:card (§9.5) | MISSING: twitter:title (§9.5) | MISSING: twitter:description (§9.5) | MISSING: twitter:image (§9.5) | MISSING: twitter:site handle (§9.5) | TTFB 1055ms (max 800ms) (§10.5) | 1 image(s) missing alt attribute (§11.1) | 2 button(s) missing accessible label (§11.3)"
https://www.myastrazeneca.ch/de/startseite/produkte/trixeo/ressourcen/studienzusammenfassung-skopos-mazi-de.html,https://www.myastrazeneca.ch/de/startseite/produkte/trixeo/ressourcen/studienzusammenfassung-skopos-mazi-de.html,200,Die SKOPOS-MAZI-Studie | MyAstraZeneca,38,Überblick zu den SKOPOS-MAZI-Studienergebnisse zur Dreifachtherapie im COPD-Kontext im Überblick. Nur für medizinisches Fachpersonal in der Schweiz.,148,no,noarchive,https://www.myastrazeneca.ch/de/startseite/produkte/trixeo/ressourcen/studienzusammenfassung-skopos-mazi-de.html,1,Die SKOPOS-MAZI-Studie: Wirksamkeit und Sicherheit der inhalativen Dreifachtherapie bei COPD,false,Article,true,,0,,0,https://www.myastrazeneca.ch/,403,,https://www.myastrazeneca.ch/de/startseite/produkte/trixeo/ressourcen/studienzusammenfassung-skopos-mazi-de.html,,,,,0,,0,,,556,616,700,0.0255,4,1,2,true,41,0,true,true,false,true,true,16,"title too short (38 chars, min 50) (§1.3) | robots meta ""noarchive"" — page may be excluded from index (§1.10) | MISSING: BreadcrumbList schema on non-homepage (§2.3) | Heading hierarchy skipped: H1→H4 (skipped level) (§3.3) | MISSING: og:title (§9.1) | MISSING: og:description (§9.2) | og:image not accessible (HTTP 403) (§9.3) | MISSING: og:type (§9.4) | MISSING: og:site_name (§9.4) | MISSING: twitter:card (§9.5) | MISSING: twitter:title (§9.5) | MISSING: twitter:description (§9.5) | MISSING: twitter:image (§9.5) | MISSING: twitter:site handle (§9.5) | 1 image(s) missing alt attribute (§11.1) | 2 button(s) missing accessible label (§11.3)"
https://www.myastrazeneca.ch/de/startseite/produkte/trixeo/ressourcen/trixeo-aerosphere-factsheet-zur-limitatio-de.html,https://www.myastrazeneca.ch/de/startseite/produkte/trixeo/ressourcen/trixeo-aerosphere-factsheet-zur-limitatio-de.html,200,TRIXEO Aerosphere® Limitatio und Implikationen | MyAstraZeneca,62,Informationen zu Limitatio und Implikationen von TRIXEO Aerosphere® im klinischen Kontext. Nur für medizinisches Fachpersonal in der Schweiz.,141,no,noarchive,https://www.myastrazeneca.ch/de/startseite/produkte/trixeo/ressourcen/trixeo-aerosphere-factsheet-zur-limitatio-de.html,1,TRIXEO Aerosphere® Indikation und Limitatio im Überblick,false,Article,true,,0,,0,https://www.myastrazeneca.ch/,403,,https://www.myastrazeneca.ch/de/startseite/produkte/trixeo/ressourcen/trixeo-aerosphere-factsheet-zur-limitatio-de.html,,,,,0,,0,,,542,580,600,0.0255,4,1,2,true,41,0,true,true,false,true,true,16,"title too long (62 chars, max 60) (§1.3) | robots meta ""noarchive"" — page may be excluded from index (§1.10) | MISSING: BreadcrumbList schema on non-homepage (§2.3) | Heading hierarchy skipped: H1→H4 (skipped level) (§3.3) | MISSING: og:title (§9.1) | MISSING: og:description (§9.2) | og:image not accessible (HTTP 403) (§9.3) | MISSING: og:type (§9.4) | MISSING: og:site_name (§9.4) | MISSING: twitter:card (§9.5) | MISSING: twitter:title (§9.5) | MISSING: twitter:description (§9.5) | MISSING: twitter:image (§9.5) | MISSING: twitter:site handle (§9.5) | 1 image(s) missing alt attribute (§11.1) | 2 button(s) missing accessible label (§11.3)"
https://www.myastrazeneca.ch/de/startseite/produkte/trixeo/ressourcen/trixeo-aerosphere-kranken-kassenformular-de.html,https://www.myastrazeneca.ch/de/startseite/produkte/trixeo/ressourcen/trixeo-aerosphere-kranken-kassenformular-de.html,200,TRIXEO Aerosphere® Krankenkassenformular | MyAstraZeneca,56,TRIXEO Aerosphere® Krankenkassenformular zur Einreichung bei der Krankenkasse zum Download. Nur für medizinisches Fachpersonal in der Schweiz.,142,no,noarchive,https://www.myastrazeneca.ch/de/startseite/produkte/trixeo/ressourcen/trixeo-aerosphere-kranken-kassenformular-de.html,1,TRIXEO Aerosphere® Krankenkassenformular zur Einreichung bei der Krankenkasse,false,Article,true,,0,,0,https://www.myastrazeneca.ch/,403,,https://www.myastrazeneca.ch/de/startseite/produkte/trixeo/ressourcen/trixeo-aerosphere-kranken-kassenformular-de.html,,,,,0,,0,,,561,620,644,0.0219,4,1,2,true,41,0,true,true,true,true,true,16,"robots meta ""noarchive"" — page may be excluded from index (§1.10) | MISSING: BreadcrumbList schema on non-homepage (§2.3) | Heading hierarchy skipped: H1→H4 (skipped level) (§3.3) | MISSING: og:title (§9.1) | MISSING: og:description (§9.2) | og:image not accessible (HTTP 403) (§9.3) | MISSING: og:type (§9.4) | MISSING: og:site_name (§9.4) | MISSING: twitter:card (§9.5) | MISSING: twitter:title (§9.5) | MISSING: twitter:description (§9.5) | MISSING: twitter:image (§9.5) | MISSING: twitter:site handle (§9.5) | 1 image(s) missing alt attribute (§11.1) | 2 button(s) missing accessible label (§11.3) | horizontal scrolling on mobile (390px viewport) (§12.4)"
https://www.myastrazeneca.ch/de/startseite/produkte/trixeo/sicherheit.html,https://www.myastrazeneca.ch/de/startseite/produkte/trixeo/sicherheit.html,200,TRIXEO Aerosphere® Sicherheitsprofil | MyAstraZeneca,52,Überblick zum Sicherheitsprofil von TRIXEO Aerosphere® basierend auf klinischen Studienergebnissen. Nur für medizinisches Fachpersonal in der Schweiz.,150,no,noarchive,https://www.myastrazeneca.ch/de/startseite/produkte/trixeo/sicherheit.html,2,TRIXEO AEROSPHERE® | TRIXEO Aerosphere® Sicherheit - Übersicht der klinischen Daten,false,Article,true,,0,,0,https://www.myastrazeneca.ch/,403,,https://www.myastrazeneca.ch/de/startseite/produkte/trixeo/sicherheit.html,,,,,0,,0,,,592,640,1008,0.7912,6,2,2,true,49,0,true,true,false,true,true,17,"robots meta ""noarchive"" — page may be excluded from index (§1.10) | MISSING: BreadcrumbList schema on non-homepage (§2.3) | Multiple H1s (2) — only one allowed (§3.1) | Heading hierarchy skipped: H1→H4 (skipped level) (§3.3) | MISSING: og:title (§9.1) | MISSING: og:description (§9.2) | og:image not accessible (HTTP 403) (§9.3) | MISSING: og:type (§9.4) | MISSING: og:site_name (§9.4) | MISSING: twitter:card (§9.5) | MISSING: twitter:title (§9.5) | MISSING: twitter:description (§9.5) | MISSING: twitter:image (§9.5) | MISSING: twitter:site handle (§9.5) | CLS 0.7912 (max 0.1) (§10.4) | 2 image(s) missing alt attribute (§11.1) | 2 button(s) missing accessible label (§11.3)"
https://www.myastrazeneca.ch/de/startseite/produkte/trixeo/succinct-statement.html,https://www.myastrazeneca.ch/de/startseite/produkte/trixeo/succinct-statement.html,200,TRIXEO Aerosphere® Succinct Statement | MyAstraZeneca,53,"TRIXEO Aerosphere® succinct statement mit Produktinformationen im Überblick 
dargestellt. Nur für medizinisches Fachpersonal in der Schweiz",139,no,noarchive,https://www.myastrazeneca.ch/de/startseite/produkte/trixeo/succinct-statement.html,2,TRIXEO AEROSPHERE® | TRIXEO Aerosphere® Succinct Statement,false,Article,true,,0,,0,https://www.myastrazeneca.ch/,403,,https://www.myastrazeneca.ch/de/startseite/produkte/trixeo/succinct-statement.html,,,,,0,,0,,,598,656,984,0.7884,6,2,2,true,49,0,true,true,false,true,true,18,"description too short (139 chars, min 140) (§1.7) | robots meta ""noarchive"" — page may be excluded from index (§1.10) | MISSING: BreadcrumbList schema on non-homepage (§2.3) | Multiple H1s (2) — only one allowed (§3.1) | Heading hierarchy skipped: H1→H4 (skipped level) (§3.3) | MISSING: og:title (§9.1) | MISSING: og:description (§9.2) | og:image not accessible (HTTP 403) (§9.3) | MISSING: og:type (§9.4) | MISSING: og:site_name (§9.4) | MISSING: twitter:card (§9.5) | MISSING: twitter:title (§9.5) | MISSING: twitter:description (§9.5) | MISSING: twitter:image (§9.5) | MISSING: twitter:site handle (§9.5) | CLS 0.7884 (max 0.1) (§10.4) | 2 image(s) missing alt attribute (§11.1) | 2 button(s) missing accessible label (§11.3)"
https://www.myastrazeneca.ch/de/startseite/produkte/trixeo/uberblick.html,https://www.myastrazeneca.ch/de/startseite/produkte/trixeo/uberblick.html,200,TRIXEO Aerosphere® im Überblick | MyAstraZeneca,47,"Überblick zu TRIXEO Aerosphere® mit Informationen zu Indikation, Limitatio und Anwendung. Nur für medizinisches Fachpersonal in der Schweiz.",140,no,noarchive,https://www.myastrazeneca.ch/de/startseite/produkte/trixeo/uberblick.html,2,"TRIXEO AEROSPHERE® | TRIXEO Aerosphere® Überblick zu Indikation, Limitation und Anwendung",false,Article,true,,0,,0,https://www.myastrazeneca.ch/,403,,https://www.myastrazeneca.ch/de/startseite/produkte/trixeo/uberblick.html,,,,,0,,0,,,609,668,1388,0.7885,6,2,2,true,49,0,true,true,false,true,true,18,"title too short (47 chars, min 50) (§1.3) | robots meta ""noarchive"" — page may be excluded from index (§1.10) | MISSING: BreadcrumbList schema on non-homepage (§2.3) | Multiple H1s (2) — only one allowed (§3.1) | Heading hierarchy skipped: H1→H4 (skipped level) (§3.3) | MISSING: og:title (§9.1) | MISSING: og:description (§9.2) | og:image not accessible (HTTP 403) (§9.3) | MISSING: og:type (§9.4) | MISSING: og:site_name (§9.4) | MISSING: twitter:card (§9.5) | MISSING: twitter:title (§9.5) | MISSING: twitter:description (§9.5) | MISSING: twitter:image (§9.5) | MISSING: twitter:site handle (§9.5) | CLS 0.7885 (max 0.1) (§10.4) | 2 image(s) missing alt attribute (§11.1) | 2 button(s) missing accessible label (§11.3)"
https://www.myastrazeneca.ch/de/startseite/produkte/trixeo/wirksamkeit.html,https://www.myastrazeneca.ch/de/startseite/produkte/trixeo/wirksamkeit.html,200,Wirksamkeit von TRIXEO Aerosphere® | MyAstraZeneca,50,Überblick zu den Wirksamkeitsdaten von TRIXEO Aerosphere® basierend auf klinischen Studien. Nur für medizinisches Fachpersonal in der Schweiz.,142,no,noarchive,https://www.myastrazeneca.ch/de/startseite/produkte/trixeo/wirksamkeit.html,2,TRIXEO AEROSPHERE® | TRIXEO Aerosphere® Wirksamkeitsdaten aus ETHOS und KRONOS,false,Article,true,,0,,0,https://www.myastrazeneca.ch/,403,,https://www.myastrazeneca.ch/de/startseite/produkte/trixeo/wirksamkeit.html,,,,,0,,0,,,680,744,1932,0.8166,6,2,2,true,49,0,true,true,false,true,true,17,"robots meta ""noarchive"" — page may be excluded from index (§1.10) | MISSING: BreadcrumbList schema on non-homepage (§2.3) | Multiple H1s (2) — only one allowed (§3.1) | Heading hierarchy skipped: H1→H4 (skipped level) (§3.3) | MISSING: og:title (§9.1) | MISSING: og:description (§9.2) | og:image not accessible (HTTP 403) (§9.3) | MISSING: og:type (§9.4) | MISSING: og:site_name (§9.4) | MISSING: twitter:card (§9.5) | MISSING: twitter:title (§9.5) | MISSING: twitter:description (§9.5) | MISSING: twitter:image (§9.5) | MISSING: twitter:site handle (§9.5) | CLS 0.8166 (max 0.1) (§10.4) | 2 image(s) missing alt attribute (§11.1) | 2 button(s) missing accessible label (§11.3)"
https://www.myastrazeneca.ch/de/startseite/therapiegebiete/cvrm/acutecare.html,https://www.myastrazeneca.ch/de/startseite/therapiegebiete/cvrm/acutecare.html,200,Acute Care,10,Hier finden Sie Informationen zu unserem Therapiegebiet Acute Care.,67,YES (remove),,https://www.myastrazeneca.ch/de/startseite/therapiegebiete/cvrm/acutecare.html,1,Akutversorgung,false,,true,,0,,0,https://www.myastrazeneca.ch/,403,,https://www.myastrazeneca.ch/de/startseite/therapiegebiete/cvrm/acutecare.html,,,,,0,,0,,,1438,1824,2548,1.2449,24,9,2,true,41,0,true,true,false,true,true,22,"title too short (10 chars, min 50) (§1.3) | description too short (67 chars, min 140) (§1.7) | keywords meta tag present — remove it (§1.9) | MISSING: BreadcrumbList schema on non-homepage (§2.3) | Heading hierarchy skipped: H2→H4 (skipped level) (§3.3) | 1 image link(s) without alt text (§7.4) | MISSING: og:title (§9.1) | MISSING: og:description (§9.2) | og:image not accessible (HTTP 403) (§9.3) | MISSING: og:type (§9.4) | MISSING: og:site_name (§9.4) | MISSING: twitter:card (§9.5) | MISSING: twitter:title (§9.5) | MISSING: twitter:description (§9.5) | MISSING: twitter:image (§9.5) | MISSING: twitter:site handle (§9.5) | TTFB 1438ms (max 800ms) (§10.5) | FCP 1824ms (max 1800ms) (§10.2) | LCP 2548ms (max 2500ms) (§10.1) | CLS 1.2449 (max 0.1) (§10.4) | 9 image(s) missing alt attribute (§11.1) | 2 button(s) missing accessible label (§11.3)"
https://www.myastrazeneca.ch/de/startseite/therapiegebiete/cvrm/chronischeniereninsuffizienz.html,https://www.myastrazeneca.ch/de/startseite/therapiegebiete/cvrm/chronischeniereninsuffizienz.html,200,"Chronische Niereninsuffizienz - Symptome, Diagnose und Behandlung",65,"Erfahren Sie mehr über Krankheitsverlauf, Therapien, Diagnosemöglichkeiten und relevante Informationen zur chronischen Niereninsuffizienz (CKD) für Angehörige der Gesundheitsberufe.",181,YES (remove),,https://www.myastrazeneca.ch/de/startseite/therapiegebiete/cvrm/chronischeniereninsuffizienz.html,1,Chronische Niereninsuffizienz,false,,true,,0,,0,https://www.myastrazeneca.ch//content/dam/intelligentcontent/portals/hcp/ch/en/home/therapy-areas/cvrm/chronic-kidney-disease/chronischeniereninsuffizienz-thumb.jpg,403,,https://www.myastrazeneca.ch/de/startseite/therapiegebiete/cvrm/chronischeniereninsuffizienz.html,,,,,0,,0,,,1143,1844,3364,1.1499,20,2,2,true,43,0,true,true,false,true,true,22,"title too long (65 chars, max 60) (§1.3) | description too long (181 chars, max 160) (§1.7) | keywords meta tag present — remove it (§1.9) | MISSING: BreadcrumbList schema on non-homepage (§2.3) | Heading hierarchy skipped: H2→H4 (skipped level) (§3.3) | 1 image link(s) without alt text (§7.4) | MISSING: og:title (§9.1) | MISSING: og:description (§9.2) | og:image not accessible (HTTP 403) (§9.3) | MISSING: og:type (§9.4) | MISSING: og:site_name (§9.4) | MISSING: twitter:card (§9.5) | MISSING: twitter:title (§9.5) | MISSING: twitter:description (§9.5) | MISSING: twitter:image (§9.5) | MISSING: twitter:site handle (§9.5) | TTFB 1143ms (max 800ms) (§10.5) | FCP 1844ms (max 1800ms) (§10.2) | LCP 3364ms (max 2500ms) (§10.1) | CLS 1.1499 (max 0.1) (§10.4) | 2 image(s) missing alt attribute (§11.1) | 2 button(s) missing accessible label (§11.3)"
https://www.myastrazeneca.ch/de/startseite/therapiegebiete/cvrm/diabetes.html,https://www.myastrazeneca.ch/de/startseite/therapiegebiete/cvrm/diabetes.html,200,Diabetes,8,Hier finden Sie Informationen zu unserem Therapiegebiet Diabetes.,65,YES (remove),,https://www.myastrazeneca.ch/de/startseite/therapiegebiete/cvrm/diabetes.html,1,Diabetes,false,,true,,0,,0,https://www.myastrazeneca.ch//content/dam/intelligentcontent/portals/hcp/ch/en/home/therapy-areas/cvrm/diabetes/diabetes-thumb.jpg,403,,https://www.myastrazeneca.ch/de/startseite/therapiegebiete/cvrm/diabetes.html,,,,,0,,0,,,618,656,1192,0.2963,20,9,2,true,43,0,true,true,false,true,true,19,"title too short (8 chars, min 50) (§1.3) | description too short (65 chars, min 140) (§1.7) | keywords meta tag present — remove it (§1.9) | MISSING: BreadcrumbList schema on non-homepage (§2.3) | Heading hierarchy skipped: H2→H4 (skipped level) (§3.3) | 1 image link(s) without alt text (§7.4) | MISSING: og:title (§9.1) | MISSING: og:description (§9.2) | og:image not accessible (HTTP 403) (§9.3) | MISSING: og:type (§9.4) | MISSING: og:site_name (§9.4) | MISSING: twitter:card (§9.5) | MISSING: twitter:title (§9.5) | MISSING: twitter:description (§9.5) | MISSING: twitter:image (§9.5) | MISSING: twitter:site handle (§9.5) | CLS 0.2963 (max 0.1) (§10.4) | 9 image(s) missing alt attribute (§11.1) | 2 button(s) missing accessible label (§11.3)"
https://www.myastrazeneca.ch/de/startseite/therapiegebiete/cvrm/herzinsuffizienz.html,https://www.myastrazeneca.ch/de/startseite/therapiegebiete/cvrm/herzinsuffizienz.html,200,"Herzinsuffizienz - Symptome, Diagnose und Behandlung",52,"Erfahren Sie mehr über die häufigsten Ursachen, Diagnosemöglichkeiten, Behandlung und wichtige Informationen über Herzinsuffizienz für Angehörige der Gesundheitsberufe.",168,YES (remove),,https://www.myastrazeneca.ch/de/startseite/therapiegebiete/cvrm/herzinsuffizienz.html,1,Herzinsuffizienz,false,,true,,0,,0,https://www.myastrazeneca.ch//content/dam/intelligentcontent/portals/hcp/ch/en/home/therapy-areas/cvrm/heart-failure/herzinsuffizienz-thumb.jpg,403,,https://www.myastrazeneca.ch/de/startseite/therapiegebiete/cvrm/herzinsuffizienz.html,,,,,0,,0,,,631,704,1232,0.6751,20,2,2,true,43,0,true,true,false,true,true,18,"description too long (168 chars, max 160) (§1.7) | keywords meta tag present — remove it (§1.9) | MISSING: BreadcrumbList schema on non-homepage (§2.3) | Heading hierarchy skipped: H2→H4 (skipped level) (§3.3) | 1 image link(s) without alt text (§7.4) | MISSING: og:title (§9.1) | MISSING: og:description (§9.2) | og:image not accessible (HTTP 403) (§9.3) | MISSING: og:type (§9.4) | MISSING: og:site_name (§9.4) | MISSING: twitter:card (§9.5) | MISSING: twitter:title (§9.5) | MISSING: twitter:description (§9.5) | MISSING: twitter:image (§9.5) | MISSING: twitter:site handle (§9.5) | CLS 0.6751 (max 0.1) (§10.4) | 2 image(s) missing alt attribute (§11.1) | 2 button(s) missing accessible label (§11.3)"
https://www.myastrazeneca.ch/de/startseite/therapiegebiete/cvrm/see-the-pattrns/about-amylodosis-attr.html,https://www.myastrazeneca.ch/de/startseite/therapiegebiete/cvrm/see-the-pattrns/about-amylodosis-attr.html,200,Über ATTR Amyloidose: Verlauf & Ursachen | See the pATTRns,58,"Erfahren Sie mehr über ATTR Amyloidose, ihre
Ursachen, Typen, Progression und die systemische
Natur für medizinische Fachkräfte.",128,no,,https://www.myastrazeneca.ch/de/startseite/therapiegebiete/cvrm/see-the-pattrns/about-amylodosis-attr.html,2," | Was ist ATTR Amyloidose? Ursachen, Verlauf und Krankheitsformen",false,,true,,0,,0,https://www.myastrazeneca.ch/,403,,https://www.myastrazeneca.ch/de/startseite/therapiegebiete/cvrm/see-the-pattrns/about-amylodosis-attr.html,,,,,0,,0,,,751,816,1140,0.15,24,0,2,true,55,0,true,true,false,true,true,16,"description too short (128 chars, min 140) (§1.7) | MISSING: BreadcrumbList schema on non-homepage (§2.3) | Multiple H1s (2) — only one allowed (§3.1) | Heading hierarchy skipped: H1→H4 (skipped level) (§3.3) | MISSING: og:title (§9.1) | MISSING: og:description (§9.2) | og:image not accessible (HTTP 403) (§9.3) | MISSING: og:type (§9.4) | MISSING: og:site_name (§9.4) | MISSING: twitter:card (§9.5) | MISSING: twitter:title (§9.5) | MISSING: twitter:description (§9.5) | MISSING: twitter:image (§9.5) | MISSING: twitter:site handle (§9.5) | CLS 0.15 (max 0.1) (§10.4) | 2 button(s) missing accessible label (§11.3)"
https://www.myastrazeneca.ch/de/startseite/therapiegebiete/cvrm/see-the-pattrns/diagnosis.html,https://www.myastrazeneca.ch/de/startseite/therapiegebiete/cvrm/see-the-pattrns/diagnosis.html,200,ATTR Amyloidose Diagnostizieren | See the pATTRns | Diagnose,60,"Erfahren Sie mehr über die Diagnostik der ATTR
Amyloidose, von ersten Hinweisen bis zur sicheren
Diagnose mit Tests und Verfahren für Fachkräfte im
Gesundheitswesen.",165,no,,https://www.myastrazeneca.ch/de/startseite/therapiegebiete/cvrm/see-the-pattrns/diagnosis.html,2, | Wie wird ATTR Amyloidose diagnostiziert? Leitlinien für medizinische Fachkräfte,false,,true,,0,,0,https://www.myastrazeneca.ch/,403,,https://www.myastrazeneca.ch/de/startseite/therapiegebiete/cvrm/see-the-pattrns/diagnosis.html,,,,,0,,0,,,747,788,1228,0.157,13,0,2,true,53,0,true,true,false,true,true,16,"description too long (165 chars, max 160) (§1.7) | MISSING: BreadcrumbList schema on non-homepage (§2.3) | Multiple H1s (2) — only one allowed (§3.1) | Heading hierarchy skipped: H1→H4 (skipped level) (§3.3) | MISSING: og:title (§9.1) | MISSING: og:description (§9.2) | og:image not accessible (HTTP 403) (§9.3) | MISSING: og:type (§9.4) | MISSING: og:site_name (§9.4) | MISSING: twitter:card (§9.5) | MISSING: twitter:title (§9.5) | MISSING: twitter:description (§9.5) | MISSING: twitter:image (§9.5) | MISSING: twitter:site handle (§9.5) | CLS 0.157 (max 0.1) (§10.4) | 2 button(s) missing accessible label (§11.3)"
https://www.myastrazeneca.ch/de/startseite/therapiegebiete/cvrm/see-the-pattrns/home.html,https://www.myastrazeneca.ch/de/startseite/therapiegebiete/cvrm/see-the-pattrns/home.html,200,Einführung in ATTR Amyloidose | See the pATTRns,47,"Erfahren Sie mehr über ATTR Amyloidose, ihre
Diagnose, ihr Management und die therapeutischen
Optionen für medizinische Fachkräfte.",131,YES (remove),,https://www.myastrazeneca.ch/de/startseite/therapiegebiete/cvrm/see-the-pattrns/home.html,2, | ATTR Amyloidose - Frühzeitige Erkennung und Behandlung,false,,true,,0,,0,https://www.myastrazeneca.ch//content/dam/intelligentcontent/portals/hcp/ch/it/home/therapiegebiete/cvrm/pattrns/see-pattern-thumb.jpg,403,,https://www.myastrazeneca.ch/de/startseite/therapiegebiete/cvrm/see-the-pattrns/home.html,,,,,0,,0,,,639,744,1228,0.036,12,2,2,true,52,0,true,true,false,true,true,19,"title too short (47 chars, min 50) (§1.3) | description too short (131 chars, min 140) (§1.7) | keywords meta tag present — remove it (§1.9) | MISSING: BreadcrumbList schema on non-homepage (§2.3) | Multiple H1s (2) — only one allowed (§3.1) | Heading hierarchy skipped: H1→H4 (skipped level) (§3.3) | 1 image link(s) without alt text (§7.4) | MISSING: og:title (§9.1) | MISSING: og:description (§9.2) | og:image not accessible (HTTP 403) (§9.3) | MISSING: og:type (§9.4) | MISSING: og:site_name (§9.4) | MISSING: twitter:card (§9.5) | MISSING: twitter:title (§9.5) | MISSING: twitter:description (§9.5) | MISSING: twitter:image (§9.5) | MISSING: twitter:site handle (§9.5) | 2 image(s) missing alt attribute (§11.1) | 2 button(s) missing accessible label (§11.3)"
https://www.myastrazeneca.ch/de/startseite/therapiegebiete/cvrm/see-the-pattrns/symptomes.html,https://www.myastrazeneca.ch/de/startseite/therapiegebiete/cvrm/see-the-pattrns/symptomes.html,200,Symptome der ATTR Amyloidose erkennen | See the pATTRns,55,"Erfahren Sie mehr über Symptome und frühe
Anzeichen der ATTR Amyloidose, um Diagnose und
Behandlung zu verbessern für Fachkräfte im
Gesundheitswesen.",149,no,,https://www.myastrazeneca.ch/de/startseite/therapiegebiete/cvrm/see-the-pattrns/symptomes.html,2, | Welche Symptome zeigen sich bei einer Transthyretin (ATTR) Amyloidose?,false,,true,,0,,0,https://www.myastrazeneca.ch/,403,,https://www.myastrazeneca.ch/de/startseite/therapiegebiete/cvrm/see-the-pattrns/symptomes.html,,,,,0,,0,,,715,764,1140,0.0982,17,2,2,true,53,0,true,true,false,true,true,16,MISSING: BreadcrumbList schema on non-homepage (§2.3) | Multiple H1s (2) — only one allowed (§3.1) | Heading hierarchy skipped: H1→H3 (skipped level) (§3.3) | 2 image link(s) without alt text (§7.4) | MISSING: og:title (§9.1) | MISSING: og:description (§9.2) | og:image not accessible (HTTP 403) (§9.3) | MISSING: og:type (§9.4) | MISSING: og:site_name (§9.4) | MISSING: twitter:card (§9.5) | MISSING: twitter:title (§9.5) | MISSING: twitter:description (§9.5) | MISSING: twitter:image (§9.5) | MISSING: twitter:site handle (§9.5) | 2 image(s) missing alt attribute (§11.1) | 2 button(s) missing accessible label (§11.3)
https://www.myastrazeneca.ch/de/startseite/therapiegebiete/cvrm/see-the-pattrns/treatement.html,https://www.myastrazeneca.ch/de/startseite/therapiegebiete/cvrm/see-the-pattrns/treatement.html,200,Behandlung der ATTR Amyloidose | See the pATTRns | Behandlung,61,"Erfahren Sie mehr über die zielgerichtete Behandlung
der ATTR Amyloidose, aktuelle Therapieoptionen und
Studiendaten zu ATTR-CM und ATTR-PN für Fachkräfte
im Gesundheitswesen.",175,no,,https://www.myastrazeneca.ch/de/startseite/therapiegebiete/cvrm/see-the-pattrns/treatement.html,2, | Behandlung der ATTR Amyloidose: Therapieoptionen für die Transthyretin Amyloidose,false,,true,,0,,0,https://www.myastrazeneca.ch/,403,,https://www.myastrazeneca.ch/de/startseite/therapiegebiete/cvrm/see-the-pattrns/treatement.html,,,,,0,,0,,,655,712,2096,0.2487,9,2,2,true,49,0,true,true,false,true,true,19,"title too long (61 chars, max 60) (§1.3) | description too long (175 chars, max 160) (§1.7) | MISSING: BreadcrumbList schema on non-homepage (§2.3) | Multiple H1s (2) — only one allowed (§3.1) | Heading hierarchy skipped: H1→H4 (skipped level) (§3.3) | 1 image link(s) without alt text (§7.4) | MISSING: og:title (§9.1) | MISSING: og:description (§9.2) | og:image not accessible (HTTP 403) (§9.3) | MISSING: og:type (§9.4) | MISSING: og:site_name (§9.4) | MISSING: twitter:card (§9.5) | MISSING: twitter:title (§9.5) | MISSING: twitter:description (§9.5) | MISSING: twitter:image (§9.5) | MISSING: twitter:site handle (§9.5) | CLS 0.2487 (max 0.1) (§10.4) | 2 image(s) missing alt attribute (§11.1) | 2 button(s) missing accessible label (§11.3)"
https://www.myastrazeneca.ch/de/startseite/therapiegebiete/onkologie/brustkrebs.html,https://www.myastrazeneca.ch/de/startseite/therapiegebiete/onkologie/brustkrebs.html,200,Brustkrebs,10,Hier finden Sie Informationen zu unserem Therapiegebiet Brustkrebs.,67,YES (remove),,https://www.myastrazeneca.ch/de/startseite/therapiegebiete/onkologie/brustkrebs.html,1,Brustkrebs,true,,true,,0,,0,https://www.myastrazeneca.ch//content/dam/intelligentcontent/portals/hcp/ch/en/home/therapy-areas/oncology/breast-cancer/brustkrebs-thumb.jpg,403,,https://www.myastrazeneca.ch/de/startseite/therapiegebiete/onkologie/brustkrebs.html,,,,,0,,0,,,707,748,1208,0.1771,17,7,2,true,42,0,true,true,false,true,true,17,"title too short (10 chars, min 50) (§1.3) | description too short (67 chars, min 140) (§1.7) | keywords meta tag present — remove it (§1.9) | MISSING: BreadcrumbList schema on non-homepage (§2.3) | MISSING: og:title (§9.1) | MISSING: og:description (§9.2) | og:image not accessible (HTTP 403) (§9.3) | MISSING: og:type (§9.4) | MISSING: og:site_name (§9.4) | MISSING: twitter:card (§9.5) | MISSING: twitter:title (§9.5) | MISSING: twitter:description (§9.5) | MISSING: twitter:image (§9.5) | MISSING: twitter:site handle (§9.5) | CLS 0.1771 (max 0.1) (§10.4) | 7 image(s) missing alt attribute (§11.1) | 2 button(s) missing accessible label (§11.3)"
https://www.myastrazeneca.ch/de/startseite/therapiegebiete/onkologie/eierstockkrebs.html,https://www.myastrazeneca.ch/de/startseite/therapiegebiete/onkologie/eierstockkrebs.html,200,"Eierstockkrebs - Symptome, Diagnose und Behandlung",50,"Informieren Sie sich über die Symptome, die Diagnose, die Behandlungsmöglichkeiten und die neuesten Informationen über Eierstockkrebs für Angehörige der Gesundheitsberufe.",171,YES (remove),,https://www.myastrazeneca.ch/de/startseite/therapiegebiete/onkologie/eierstockkrebs.html,1,Eierstockkrebs,false,,true,,0,,0,https://www.myastrazeneca.ch//content/dam/intelligentcontent/portals/hcp/ch/en/home/therapy-areas/oncology/ovarian-cancer/eierstockkrebs-thumb.jpg,403,,https://www.myastrazeneca.ch/de/startseite/therapiegebiete/onkologie/eierstockkrebs.html,,,,,0,,0,,,700,736,1244,0.2426,20,3,2,true,43,0,true,true,false,true,true,17,"description too long (171 chars, max 160) (§1.7) | keywords meta tag present — remove it (§1.9) | MISSING: BreadcrumbList schema on non-homepage (§2.3) | Heading hierarchy skipped: H2→H4 (skipped level) (§3.3) | MISSING: og:title (§9.1) | MISSING: og:description (§9.2) | og:image not accessible (HTTP 403) (§9.3) | MISSING: og:type (§9.4) | MISSING: og:site_name (§9.4) | MISSING: twitter:card (§9.5) | MISSING: twitter:title (§9.5) | MISSING: twitter:description (§9.5) | MISSING: twitter:image (§9.5) | MISSING: twitter:site handle (§9.5) | CLS 0.2426 (max 0.1) (§10.4) | 3 image(s) missing alt attribute (§11.1) | 2 button(s) missing accessible label (§11.3)"
https://www.myastrazeneca.ch/de/startseite/therapiegebiete/onkologie/haematologie.html,https://www.myastrazeneca.ch/de/startseite/therapiegebiete/onkologie/haematologie.html,200,"Hämatologie - Symptome, Diagnose und Behandlung",47,"Erfahren Sie mehr über die chronische lymphatische Leukämie (CLL), eine maligne Erkrankung des Blutes; ihre Symptome, Diagnose und Behandlungsinformationen für Angehörige der Gesundheitsberufe.",193,YES (remove),,https://www.myastrazeneca.ch/de/startseite/therapiegebiete/onkologie/haematologie.html,1,Hämatologie,false,,true,,0,,0,https://www.myastrazeneca.ch//content/dam/intelligentcontent/portals/hcp/ch/en/home/therapy-areas/oncology/haematology/haematologie-thumb.jpg,403,,https://www.myastrazeneca.ch/de/startseite/therapiegebiete/onkologie/haematologie.html,,,,,0,,0,,,621,684,2068,0.1956,20,1,2,true,43,0,true,true,false,true,true,18,"title too short (47 chars, min 50) (§1.3) | description too long (193 chars, max 160) (§1.7) | keywords meta tag present — remove it (§1.9) | MISSING: BreadcrumbList schema on non-homepage (§2.3) | Heading hierarchy skipped: H2→H4 (skipped level) (§3.3) | MISSING: og:title (§9.1) | MISSING: og:description (§9.2) | og:image not accessible (HTTP 403) (§9.3) | MISSING: og:type (§9.4) | MISSING: og:site_name (§9.4) | MISSING: twitter:card (§9.5) | MISSING: twitter:title (§9.5) | MISSING: twitter:description (§9.5) | MISSING: twitter:image (§9.5) | MISSING: twitter:site handle (§9.5) | CLS 0.1956 (max 0.1) (§10.4) | 1 image(s) missing alt attribute (§11.1) | 2 button(s) missing accessible label (§11.3)"
https://www.myastrazeneca.ch/de/startseite/therapiegebiete/onkologie/leberkrebs.html,https://www.myastrazeneca.ch/de/startseite/therapiegebiete/onkologie/leberkrebs.html,404,,0,,0,no,,,0,,,,,,0,,0,,,,,,,,,0,,0,,,,,,,,,,,,,,,,,,1,Page returned HTTP 404
https://www.myastrazeneca.ch/de/startseite/therapiegebiete/onkologie/lungenkrebs.html,https://www.myastrazeneca.ch/de/startseite/therapiegebiete/onkologie/lungenkrebs.html,200,"Lungenkrebs - Symptome, Diagnose und Behandlung",47,"Hier finden Sie Informationen über Lungenkrebs, die häufigsten Ursachen, Symptome, Diagnosemethoden und wirksame Behandlungsmöglichkeiten für Angehörige der Gesundheitsberufe.",175,YES (remove),,https://www.myastrazeneca.ch/de/startseite/therapiegebiete/onkologie/lungenkrebs.html,1,Lungenkrebs,false,,true,,0,,0,https://www.myastrazeneca.ch//content/dam/intelligentcontent/portals/hcp/ch/en/home/therapy-areas/oncology/lung-cancer/lungenkrebs-thumb.jpg,403,,https://www.myastrazeneca.ch/de/startseite/therapiegebiete/onkologie/lungenkrebs.html,,,,,0,,0,,,634,696,1184,0.6874,20,1,2,true,43,0,true,true,false,true,true,18,"title too short (47 chars, min 50) (§1.3) | description too long (175 chars, max 160) (§1.7) | keywords meta tag present — remove it (§1.9) | MISSING: BreadcrumbList schema on non-homepage (§2.3) | Heading hierarchy skipped: H2→H4 (skipped level) (§3.3) | MISSING: og:title (§9.1) | MISSING: og:description (§9.2) | og:image not accessible (HTTP 403) (§9.3) | MISSING: og:type (§9.4) | MISSING: og:site_name (§9.4) | MISSING: twitter:card (§9.5) | MISSING: twitter:title (§9.5) | MISSING: twitter:description (§9.5) | MISSING: twitter:image (§9.5) | MISSING: twitter:site handle (§9.5) | CLS 0.6874 (max 0.1) (§10.4) | 1 image(s) missing alt attribute (§11.1) | 2 button(s) missing accessible label (§11.3)"
https://www.myastrazeneca.ch/de/startseite/therapiegebiete/onkologie/prostata.html,https://www.myastrazeneca.ch/de/startseite/therapiegebiete/onkologie/prostata.html,200,Prostata-Gesundheitsinformationen & Leitfaden zum Herunterladen | MyAstraZeneca,79,"Erfahren Sie mehr über die Prostatadrüsen, häufige Krankheiten und diagnostische Schritte. Laden Sie unser interaktives PDF für detaillierte Informationen herunter",163,YES (remove),,https://www.myastrazeneca.ch/de/startseite/therapiegebiete/onkologie/prostata.html,1,Prostata,true,,true,,0,,0,https://www.myastrazeneca.ch//content/dam/intelligentcontent/portals/hcp/ch/de/home/therapiegebiete/oncology/prostata/prostate-thumb.jpg,403,,https://www.myastrazeneca.ch/de/startseite/therapiegebiete/onkologie/prostata.html,,,,,0,,0,,,569,604,1000,0.1964,7,1,2,true,41,0,true,true,false,true,true,17,"title too long (79 chars, max 60) (§1.3) | description too long (163 chars, max 160) (§1.7) | keywords meta tag present — remove it (§1.9) | MISSING: BreadcrumbList schema on non-homepage (§2.3) | MISSING: og:title (§9.1) | MISSING: og:description (§9.2) | og:image not accessible (HTTP 403) (§9.3) | MISSING: og:type (§9.4) | MISSING: og:site_name (§9.4) | MISSING: twitter:card (§9.5) | MISSING: twitter:title (§9.5) | MISSING: twitter:description (§9.5) | MISSING: twitter:image (§9.5) | MISSING: twitter:site handle (§9.5) | CLS 0.1964 (max 0.1) (§10.4) | 1 image(s) missing alt attribute (§11.1) | 2 button(s) missing accessible label (§11.3)"
https://www.myastrazeneca.ch/de/startseite/therapiegebiete/ri/asthma.html,https://www.myastrazeneca.ch/de/startseite/therapiegebiete/ri/asthma.html,200,"Asthma - Symptome, Diagnose und Behandlung",42,"Informieren Sie sich über häufige Phänotypen, Symptome, aktuelle Behandlungsstrategien und Informationen über Asthma für Angehörige der Gesundheitsberufe.",154,YES (remove),,https://www.myastrazeneca.ch/de/startseite/therapiegebiete/ri/asthma.html,1,Asthma,false,,true,,0,,0,https://www.myastrazeneca.ch//content/dam/intelligentcontent/portals/hcp/ch/en/home/therapy-areas/r-and-i/asthma/ri-asthma-thumb.jpg,403,,https://www.myastrazeneca.ch/de/startseite/therapiegebiete/ri/asthma.html,,,,,0,,0,,,598,648,1320,0.6959,20,3,2,true,43,0,true,true,false,true,true,18,"title too short (42 chars, min 50) (§1.3) | keywords meta tag present — remove it (§1.9) | MISSING: BreadcrumbList schema on non-homepage (§2.3) | Heading hierarchy skipped: H2→H4 (skipped level) (§3.3) | 1 image link(s) without alt text (§7.4) | MISSING: og:title (§9.1) | MISSING: og:description (§9.2) | og:image not accessible (HTTP 403) (§9.3) | MISSING: og:type (§9.4) | MISSING: og:site_name (§9.4) | MISSING: twitter:card (§9.5) | MISSING: twitter:title (§9.5) | MISSING: twitter:description (§9.5) | MISSING: twitter:image (§9.5) | MISSING: twitter:site handle (§9.5) | CLS 0.6959 (max 0.1) (§10.4) | 3 image(s) missing alt attribute (§11.1) | 2 button(s) missing accessible label (§11.3)"
https://www.myastrazeneca.ch/de/startseite/therapiegebiete/ri/copd.html,https://www.myastrazeneca.ch/de/startseite/therapiegebiete/ri/copd.html,200,"COPD - Symptome, Diagnose und Behandlung",40,"Erfahren Sie mehr über die chronisch obstruktive lungenerkrankung (COPD); ihre Ursachen, Symptome, aktuelle Behandlungsstrategien und wichtige klinische Informationen für Angehörige der Gesundheitsberufe.",204,YES (remove),,https://www.myastrazeneca.ch/de/startseite/therapiegebiete/ri/copd.html,1,"Chronisch obstruktive
Lungenerkrankung",false,,true,,0,,0,https://www.myastrazeneca.ch//content/dam/intelligentcontent/portals/hcp/ch/en/home/therapy-areas/r-and-i/chronic-obstructive-pulmonary-disease/copd-thumb.jpg,403,,https://www.myastrazeneca.ch/de/startseite/therapiegebiete/ri/copd.html,,,,,0,,0,,,1203,1240,1628,0.1998,34,7,4,true,46,0,true,true,false,true,true,21,"title too short (40 chars, min 50) (§1.3) | description too long (204 chars, max 160) (§1.7) | keywords meta tag present — remove it (§1.9) | MISSING: BreadcrumbList schema on non-homepage (§2.3) | Heading hierarchy skipped: H2→H4 (skipped level) (§3.3) | Heading hierarchy skipped: H2→H4 (skipped level) (§3.3) | Heading hierarchy skipped: H2→H4 (skipped level) (§3.3) | MISSING: og:title (§9.1) | MISSING: og:description (§9.2) | og:image not accessible (HTTP 403) (§9.3) | MISSING: og:type (§9.4) | MISSING: og:site_name (§9.4) | MISSING: twitter:card (§9.5) | MISSING: twitter:title (§9.5) | MISSING: twitter:description (§9.5) | MISSING: twitter:image (§9.5) | MISSING: twitter:site handle (§9.5) | TTFB 1203ms (max 800ms) (§10.5) | CLS 0.1998 (max 0.1) (§10.4) | 7 image(s) missing alt attribute (§11.1) | 4 button(s) missing accessible label (§11.3)"
https://www.myastrazeneca.ch/de/startseite/therapiegebiete/ri/lupus.html,https://www.myastrazeneca.ch/de/startseite/therapiegebiete/ri/lupus.html,200,"Systemischer Lupus Erythematodes - Symptome, Diagnose und Behandlung",68,"Erfahren Sie mehr über aktuelle Therapien, Diagnoseoptionen und relevante Informationen rund um Lupus für medizinisches Fachpersonal.",133,YES (remove),,https://www.myastrazeneca.ch/de/startseite/therapiegebiete/ri/lupus.html,1,Systemischer Lupus erythematodes,false,,true,,0,,0,https://www.myastrazeneca.ch//content/dam/intelligentcontent/portals/hcp/ch/en/home/therapy-areas/r-and-i/systematischer-lupus-erythematodes/lupus-thumb.jpg,403,,https://www.myastrazeneca.ch/de/startseite/therapiegebiete/ri/lupus.html,,,,,0,,0,,,745,780,1296,0.7548,20,2,2,true,43,0,true,true,false,true,true,18,"title too long (68 chars, max 60) (§1.3) | description too short (133 chars, min 140) (§1.7) | keywords meta tag present — remove it (§1.9) | MISSING: BreadcrumbList schema on non-homepage (§2.3) | Heading hierarchy skipped: H2→H4 (skipped level) (§3.3) | MISSING: og:title (§9.1) | MISSING: og:description (§9.2) | og:image not accessible (HTTP 403) (§9.3) | MISSING: og:type (§9.4) | MISSING: og:site_name (§9.4) | MISSING: twitter:card (§9.5) | MISSING: twitter:title (§9.5) | MISSING: twitter:description (§9.5) | MISSING: twitter:image (§9.5) | MISSING: twitter:site handle (§9.5) | CLS 0.7548 (max 0.1) (§10.4) | 2 image(s) missing alt attribute (§11.1) | 2 button(s) missing accessible label (§11.3)"
https://www.myastrazeneca.ch/en/startseite.html,https://www.myastrazeneca.ch/en/startseite.html,403,,0,,0,no,,,0,,,,,,0,,0,,,,,,,,,0,,0,,,,,,,,,,,,,,,,,,1,Page returned HTTP 403
https://www.myastrazeneca.ch/en/startseite/contact-us.html,https://www.myastrazeneca.ch/en/startseite/contact-us.html,200,Contact us,10,,0,no,,https://www.myastrazeneca.ch/en/startseite/contact-us.html,0,,true,,true,,0,,0,https://www.myastrazeneca.ch/,403,,https://www.myastrazeneca.ch/en/startseite/contact-us.html,,,,,0,,0,,,613,688,688,0.5963,4,1,2,true,37,0,true,true,false,true,true,17,"title too short (10 chars, min 50) (§1.3) | MISSING: meta description (§1.5) | MISSING: BreadcrumbList schema on non-homepage (§2.3) | MISSING: H1 (§3.1) | MISSING: og:title (§9.1) | MISSING: og:description (§9.2) | og:image not accessible (HTTP 403) (§9.3) | MISSING: og:type (§9.4) | MISSING: og:site_name (§9.4) | MISSING: twitter:card (§9.5) | MISSING: twitter:title (§9.5) | MISSING: twitter:description (§9.5) | MISSING: twitter:image (§9.5) | MISSING: twitter:site handle (§9.5) | CLS 0.5963 (max 0.1) (§10.4) | 1 image(s) missing alt attribute (§11.1) | 2 button(s) missing accessible label (§11.3)"
https://www.myastrazeneca.ch/en/startseite/produkte.html,https://www.myastrazeneca.ch/en/startseite/produkte.html,200,Overview of Medical Products – Therapeutic Areas,48,"Find comprehensive details about medical products, innovative therapies, and supporting resources for healthcare professionals.",127,YES (remove),,https://www.myastrazeneca.ch/en/startseite/produkte.html,1,Our products,false,,true,,0,,0,https://www.myastrazeneca.ch//content/dam/intelligentcontent/portals/hcp/ch/en/home/products/products-thumb.jpg,403,,https://www.myastrazeneca.ch/en/startseite/produkte.html,,,,,0,,0,,,1138,1208,1316,0.552,36,17,2,true,68,7,true,true,false,true,true,21,"title too short (48 chars, min 50) (§1.3) | description too short (127 chars, min 140) (§1.7) | keywords meta tag present — remove it (§1.9) | MISSING: BreadcrumbList schema on non-homepage (§2.3) | Heading hierarchy skipped: H1→H4 (skipped level) (§3.3) | 7 generic anchor text(s) (""click here"", ""read more"") (§7.3) | 8 image link(s) without alt text (§7.4) | MISSING: og:title (§9.1) | MISSING: og:description (§9.2) | og:image not accessible (HTTP 403) (§9.3) | MISSING: og:type (§9.4) | MISSING: og:site_name (§9.4) | MISSING: twitter:card (§9.5) | MISSING: twitter:title (§9.5) | MISSING: twitter:description (§9.5) | MISSING: twitter:image (§9.5) | MISSING: twitter:site handle (§9.5) | TTFB 1138ms (max 800ms) (§10.5) | CLS 0.552 (max 0.1) (§10.4) | 17 image(s) missing alt attribute (§11.1) | 2 button(s) missing accessible label (§11.3)"
https://www.myastrazeneca.ch/en/startseite/therapiegebiete/cvrm/acutecare.html,https://www.myastrazeneca.ch/en/startseite/therapiegebiete/cvrm/acutecare.html,200,Acute Care,10,Here you will find information about our therapy area Acute care.,65,YES (remove),,https://www.myastrazeneca.ch/en/startseite/therapiegebiete/cvrm/acutecare.html,1,Acute Care,false,,true,,0,,0,https://www.myastrazeneca.ch/,403,,https://www.myastrazeneca.ch/en/startseite/therapiegebiete/cvrm/acutecare.html,,,,,0,,0,,,1393,1732,3172,1.2276,24,9,2,true,39,0,true,true,false,true,true,21,"title too short (10 chars, min 50) (§1.3) | description too short (65 chars, min 140) (§1.7) | keywords meta tag present — remove it (§1.9) | MISSING: BreadcrumbList schema on non-homepage (§2.3) | Heading hierarchy skipped: H2→H4 (skipped level) (§3.3) | 1 image link(s) without alt text (§7.4) | MISSING: og:title (§9.1) | MISSING: og:description (§9.2) | og:image not accessible (HTTP 403) (§9.3) | MISSING: og:type (§9.4) | MISSING: og:site_name (§9.4) | MISSING: twitter:card (§9.5) | MISSING: twitter:title (§9.5) | MISSING: twitter:description (§9.5) | MISSING: twitter:image (§9.5) | MISSING: twitter:site handle (§9.5) | TTFB 1393ms (max 800ms) (§10.5) | LCP 3172ms (max 2500ms) (§10.1) | CLS 1.2276 (max 0.1) (§10.4) | 9 image(s) missing alt attribute (§11.1) | 2 button(s) missing accessible label (§11.3)"
https://www.myastrazeneca.ch/en/startseite/therapiegebiete/cvrm/chronischeniereninsuffizienz.html,https://www.myastrazeneca.ch/en/startseite/therapiegebiete/cvrm/chronischeniereninsuffizienz.html,403,,0,,0,no,,,0,,,,,,0,,0,,,,,,,,,0,,0,,,,,,,,,,,,,,,,,,1,Page returned HTTP 403
https://www.myastrazeneca.ch/en/startseite/therapiegebiete/cvrm/diabetes.html,https://www.myastrazeneca.ch/en/startseite/therapiegebiete/cvrm/diabetes.html,200,Diabetes,8,Here you will find information about our therapy area diabetes.,63,YES (remove),,https://www.myastrazeneca.ch/en/startseite/therapiegebiete/cvrm/diabetes.html,1,Diabetes,false,,true,,0,,0,https://www.myastrazeneca.ch//content/dam/intelligentcontent/portals/hcp/ch/en/home/therapy-areas/cvrm/diabetes/diabetes-thumb.jpg,403,,https://www.myastrazeneca.ch/en/startseite/therapiegebiete/cvrm/diabetes.html,,,,,0,,0,,,1115,1732,3308,1.0764,19,9,2,true,41,0,true,true,false,true,true,21,"title too short (8 chars, min 50) (§1.3) | description too short (63 chars, min 140) (§1.7) | keywords meta tag present — remove it (§1.9) | MISSING: BreadcrumbList schema on non-homepage (§2.3) | Heading hierarchy skipped: H2→H4 (skipped level) (§3.3) | 1 image link(s) without alt text (§7.4) | MISSING: og:title (§9.1) | MISSING: og:description (§9.2) | og:image not accessible (HTTP 403) (§9.3) | MISSING: og:type (§9.4) | MISSING: og:site_name (§9.4) | MISSING: twitter:card (§9.5) | MISSING: twitter:title (§9.5) | MISSING: twitter:description (§9.5) | MISSING: twitter:image (§9.5) | MISSING: twitter:site handle (§9.5) | TTFB 1115ms (max 800ms) (§10.5) | LCP 3308ms (max 2500ms) (§10.1) | CLS 1.0764 (max 0.1) (§10.4) | 9 image(s) missing alt attribute (§11.1) | 2 button(s) missing accessible label (§11.3)"
https://www.myastrazeneca.ch/en/startseite/therapiegebiete/cvrm/herzinsuffizienz.html,https://www.myastrazeneca.ch/en/startseite/therapiegebiete/cvrm/herzinsuffizienz.html,200,Heart Failure Overview: Symptoms & Treatment,44,"Heart failure overview: causes, reduced cardiac output, heart failure symptoms, cardiac biomarkers, and evidence-based heart failure therapy.",141,YES (remove),,https://www.myastrazeneca.ch/en/startseite/therapiegebiete/cvrm/herzinsuffizienz.html,1,Heart failure,false,,true,,0,,0,https://www.myastrazeneca.ch//content/dam/intelligentcontent/portals/hcp/ch/en/home/therapy-areas/cvrm/heart-failure/herzinsuffizienz-thumb.jpg,403,,https://www.myastrazeneca.ch/en/startseite/therapiegebiete/cvrm/herzinsuffizienz.html,,,,,0,,0,,,1207,1728,3388,0.2821,19,9,2,true,41,0,true,true,false,true,true,20,"title too short (44 chars, min 50) (§1.3) | keywords meta tag present — remove it (§1.9) | MISSING: BreadcrumbList schema on non-homepage (§2.3) | Heading hierarchy skipped: H2→H4 (skipped level) (§3.3) | 1 image link(s) without alt text (§7.4) | MISSING: og:title (§9.1) | MISSING: og:description (§9.2) | og:image not accessible (HTTP 403) (§9.3) | MISSING: og:type (§9.4) | MISSING: og:site_name (§9.4) | MISSING: twitter:card (§9.5) | MISSING: twitter:title (§9.5) | MISSING: twitter:description (§9.5) | MISSING: twitter:image (§9.5) | MISSING: twitter:site handle (§9.5) | TTFB 1207ms (max 800ms) (§10.5) | LCP 3388ms (max 2500ms) (§10.1) | CLS 0.2821 (max 0.1) (§10.4) | 9 image(s) missing alt attribute (§11.1) | 2 button(s) missing accessible label (§11.3)"
https://www.myastrazeneca.ch/en/startseite/therapiegebiete/onkologie/brustkrebs.html,https://www.myastrazeneca.ch/en/startseite/therapiegebiete/onkologie/brustkrebs.html,200,"Breast Cancer Overview: Causes, Symptoms & Therapy",50,"Clinical summary for HCPs reviews breast cancer symptoms and causes, core imaging steps, tumor markers, and personalized therapy decision-making.",145,YES (remove),,https://www.myastrazeneca.ch/en/startseite/therapiegebiete/onkologie/brustkrebs.html,1,Breast cancer,true,,true,,0,,0,https://www.myastrazeneca.ch//content/dam/intelligentcontent/portals/hcp/ch/en/home/therapy-areas/oncology/breast-cancer/brustkrebs-thumb.jpg,403,,https://www.myastrazeneca.ch/en/startseite/therapiegebiete/onkologie/brustkrebs.html,,,,,0,,0,,,1012,1072,1968,0.1752,17,7,2,true,39,0,true,true,false,true,true,16,keywords meta tag present — remove it (§1.9) | MISSING: BreadcrumbList schema on non-homepage (§2.3) | MISSING: og:title (§9.1) | MISSING: og:description (§9.2) | og:image not accessible (HTTP 403) (§9.3) | MISSING: og:type (§9.4) | MISSING: og:site_name (§9.4) | MISSING: twitter:card (§9.5) | MISSING: twitter:title (§9.5) | MISSING: twitter:description (§9.5) | MISSING: twitter:image (§9.5) | MISSING: twitter:site handle (§9.5) | TTFB 1012ms (max 800ms) (§10.5) | CLS 0.1752 (max 0.1) (§10.4) | 7 image(s) missing alt attribute (§11.1) | 2 button(s) missing accessible label (§11.3)
https://www.myastrazeneca.ch/en/startseite/therapiegebiete/onkologie/eierstockkrebs.html,https://www.myastrazeneca.ch/en/startseite/therapiegebiete/onkologie/eierstockkrebs.html,200,Ovarian Cancer Overview: Symptoms & Treatment,45,"This clinical summary explains ovarian cancer symptoms, when to order a blood test for ovarian cancer, and how results inform management",136,YES (remove),,https://www.myastrazeneca.ch/en/startseite/therapiegebiete/onkologie/eierstockkrebs.html,1,Ovarian cancer,false,,true,,0,,0,https://www.myastrazeneca.ch//content/dam/intelligentcontent/portals/hcp/ch/en/home/therapy-areas/oncology/ovarian-cancer/eierstockkrebs-thumb.jpg,403,,https://www.myastrazeneca.ch/en/startseite/therapiegebiete/onkologie/eierstockkrebs.html,,,,,0,,0,,,694,792,1764,0.2374,19,9,2,true,41,0,true,true,false,true,true,19,"title too short (45 chars, min 50) (§1.3) | description too short (136 chars, min 140) (§1.7) | keywords meta tag present — remove it (§1.9) | MISSING: BreadcrumbList schema on non-homepage (§2.3) | Heading hierarchy skipped: H2→H4 (skipped level) (§3.3) | 1 image link(s) without alt text (§7.4) | MISSING: og:title (§9.1) | MISSING: og:description (§9.2) | og:image not accessible (HTTP 403) (§9.3) | MISSING: og:type (§9.4) | MISSING: og:site_name (§9.4) | MISSING: twitter:card (§9.5) | MISSING: twitter:title (§9.5) | MISSING: twitter:description (§9.5) | MISSING: twitter:image (§9.5) | MISSING: twitter:site handle (§9.5) | CLS 0.2374 (max 0.1) (§10.4) | 9 image(s) missing alt attribute (§11.1) | 2 button(s) missing accessible label (§11.3)"
https://www.myastrazeneca.ch/en/startseite/therapiegebiete/onkologie/haematologie.html,https://www.myastrazeneca.ch/en/startseite/therapiegebiete/onkologie/haematologie.html,200,Leukemia Symptoms & Diagnosis for HCPs,38,"HCP overview of haematology: leukaemia, myeloma, leukaemia symptoms, diagnosis, and evidence-based management of haematologic disease.",134,YES (remove),,https://www.myastrazeneca.ch/en/startseite/therapiegebiete/onkologie/haematologie.html,1,Haematology,false,,true,,0,,0,https://www.myastrazeneca.ch//content/dam/intelligentcontent/portals/hcp/ch/en/home/therapy-areas/oncology/haematology/haematologie-thumb.jpg,403,,https://www.myastrazeneca.ch/en/startseite/therapiegebiete/onkologie/haematologie.html,,,,,0,,0,,,837,916,1076,0.2266,19,9,2,true,41,0,true,true,false,true,true,20,"title too short (38 chars, min 50) (§1.3) | description too short (134 chars, min 140) (§1.7) | keywords meta tag present — remove it (§1.9) | MISSING: BreadcrumbList schema on non-homepage (§2.3) | Heading hierarchy skipped: H2→H4 (skipped level) (§3.3) | 1 image link(s) without alt text (§7.4) | MISSING: og:title (§9.1) | MISSING: og:description (§9.2) | og:image not accessible (HTTP 403) (§9.3) | MISSING: og:type (§9.4) | MISSING: og:site_name (§9.4) | MISSING: twitter:card (§9.5) | MISSING: twitter:title (§9.5) | MISSING: twitter:description (§9.5) | MISSING: twitter:image (§9.5) | MISSING: twitter:site handle (§9.5) | TTFB 837ms (max 800ms) (§10.5) | CLS 0.2266 (max 0.1) (§10.4) | 9 image(s) missing alt attribute (§11.1) | 2 button(s) missing accessible label (§11.3)"
https://www.myastrazeneca.ch/en/startseite/therapiegebiete/onkologie/leberkrebs.html,https://www.myastrazeneca.ch/en/startseite/therapiegebiete/onkologie/leberkrebs.html,404,,0,,0,no,,,0,,,,,,0,,0,,,,,,,,,0,,0,,,,,,,,,,,,,,,,,,1,Page returned HTTP 404
https://www.myastrazeneca.ch/en/startseite/therapiegebiete/onkologie/lungenkrebs.html,https://www.myastrazeneca.ch/en/startseite/therapiegebiete/onkologie/lungenkrebs.html,200,"Lung Cancer: Symptoms, Stages & Treatment",41,"HCP overview of lung cancer: symptoms, tumour staging, metastasis assessment, and treatment including surgery, chemo, and immunotherapy.",136,YES (remove),,https://www.myastrazeneca.ch/en/startseite/therapiegebiete/onkologie/lungenkrebs.html,1,Lung cancer,false,,true,,0,,0,https://www.myastrazeneca.ch//content/dam/intelligentcontent/portals/hcp/ch/en/home/therapy-areas/oncology/lung-cancer/lungenkrebs-thumb.jpg,403,,https://www.myastrazeneca.ch/en/startseite/therapiegebiete/onkologie/lungenkrebs.html,,,,,0,,0,,,638,676,1452,0.3008,19,9,2,true,41,0,true,true,false,true,true,19,"title too short (41 chars, min 50) (§1.3) | description too short (136 chars, min 140) (§1.7) | keywords meta tag present — remove it (§1.9) | MISSING: BreadcrumbList schema on non-homepage (§2.3) | Heading hierarchy skipped: H2→H4 (skipped level) (§3.3) | 1 image link(s) without alt text (§7.4) | MISSING: og:title (§9.1) | MISSING: og:description (§9.2) | og:image not accessible (HTTP 403) (§9.3) | MISSING: og:type (§9.4) | MISSING: og:site_name (§9.4) | MISSING: twitter:card (§9.5) | MISSING: twitter:title (§9.5) | MISSING: twitter:description (§9.5) | MISSING: twitter:image (§9.5) | MISSING: twitter:site handle (§9.5) | CLS 0.3008 (max 0.1) (§10.4) | 9 image(s) missing alt attribute (§11.1) | 2 button(s) missing accessible label (§11.3)"
https://www.myastrazeneca.ch/en/startseite/therapiegebiete/ri/asthma.html,https://www.myastrazeneca.ch/en/startseite/therapiegebiete/ri/asthma.html,200,Asthma – Advances in Diagnosis and Care,39,"Explore clinical guidelines, current treatment strategies, and essential information on asthma management for healthcare professionals.",135,YES (remove),,https://www.myastrazeneca.ch/en/startseite/therapiegebiete/ri/asthma.html,1,Asthma,false,,true,,0,,0,https://www.myastrazeneca.ch//content/dam/intelligentcontent/portals/hcp/ch/en/home/therapy-areas/r-and-i/asthma/ri-asthma-thumb.jpg,403,,https://www.myastrazeneca.ch/en/startseite/therapiegebiete/ri/asthma.html,,,,,0,,0,,,903,956,1484,0.7028,19,9,2,true,41,0,true,true,false,true,true,20,"title too short (39 chars, min 50) (§1.3) | description too short (135 chars, min 140) (§1.7) | keywords meta tag present — remove it (§1.9) | MISSING: BreadcrumbList schema on non-homepage (§2.3) | Heading hierarchy skipped: H2→H4 (skipped level) (§3.3) | 1 image link(s) without alt text (§7.4) | MISSING: og:title (§9.1) | MISSING: og:description (§9.2) | og:image not accessible (HTTP 403) (§9.3) | MISSING: og:type (§9.4) | MISSING: og:site_name (§9.4) | MISSING: twitter:card (§9.5) | MISSING: twitter:title (§9.5) | MISSING: twitter:description (§9.5) | MISSING: twitter:image (§9.5) | MISSING: twitter:site handle (§9.5) | TTFB 903ms (max 800ms) (§10.5) | CLS 0.7028 (max 0.1) (§10.4) | 9 image(s) missing alt attribute (§11.1) | 2 button(s) missing accessible label (§11.3)"
https://www.myastrazeneca.ch/en/startseite/therapiegebiete/ri/copd.html,https://www.myastrazeneca.ch/en/startseite/therapiegebiete/ri/copd.html,200,"COPD - Symptoms, diagnosis and treatment",40,"Learn more about chronic obstructive pulmonary disease (COPD): its causes, symptoms, current treatment strategies, and important clinical information for healthcare professionals.",179,YES (remove),,https://www.myastrazeneca.ch/en/startseite/therapiegebiete/ri/copd.html,1,"Chronic obstructive
pulmonary disease",false,,true,,0,,0,https://www.myastrazeneca.ch//content/dam/intelligentcontent/portals/hcp/ch/en/home/therapy-areas/r-and-i/chronic-obstructive-pulmonary-disease/copd-thumb.jpg,403,,https://www.myastrazeneca.ch/en/startseite/therapiegebiete/ri/copd.html,,,,,0,,0,,,2000,2100,2800,0.2247,32,8,4,true,44,0,true,true,false,true,true,23,"title too short (40 chars, min 50) (§1.3) | description too long (179 chars, max 160) (§1.7) | keywords meta tag present — remove it (§1.9) | MISSING: BreadcrumbList schema on non-homepage (§2.3) | Heading hierarchy skipped: H2→H4 (skipped level) (§3.3) | Heading hierarchy skipped: H2→H4 (skipped level) (§3.3) | Heading hierarchy skipped: H2→H4 (skipped level) (§3.3) | MISSING: og:title (§9.1) | MISSING: og:description (§9.2) | og:image not accessible (HTTP 403) (§9.3) | MISSING: og:type (§9.4) | MISSING: og:site_name (§9.4) | MISSING: twitter:card (§9.5) | MISSING: twitter:title (§9.5) | MISSING: twitter:description (§9.5) | MISSING: twitter:image (§9.5) | MISSING: twitter:site handle (§9.5) | TTFB 2000ms (max 800ms) (§10.5) | FCP 2100ms (max 1800ms) (§10.2) | LCP 2800ms (max 2500ms) (§10.1) | CLS 0.2247 (max 0.1) (§10.4) | 8 image(s) missing alt attribute (§11.1) | 4 button(s) missing accessible label (§11.3)"
https://www.myastrazeneca.ch/en/startseite/therapiegebiete/ri/lupus.html,https://www.myastrazeneca.ch/en/startseite/therapiegebiete/ri/lupus.html,200,Lupus Insights and Treatment Guidance – For HCPs,48,"Access the latest information, expert perspectives, and key resources for the diagnosis and management of lupus in clinical practice.",133,YES (remove),,https://www.myastrazeneca.ch/en/startseite/therapiegebiete/ri/lupus.html,1,Systemic lupus erythematosus,false,,true,,0,,0,https://www.myastrazeneca.ch//content/dam/intelligentcontent/portals/hcp/ch/en/home/therapy-areas/r-and-i/systematischer-lupus-erythematodes/lupus-thumb.jpg,403,,https://www.myastrazeneca.ch/en/startseite/therapiegebiete/ri/lupus.html,,,,,0,,0,,,663,724,936,0.0816,19,9,2,true,41,0,true,true,false,true,true,18,"title too short (48 chars, min 50) (§1.3) | description too short (133 chars, min 140) (§1.7) | keywords meta tag present — remove it (§1.9) | MISSING: BreadcrumbList schema on non-homepage (§2.3) | Heading hierarchy skipped: H2→H4 (skipped level) (§3.3) | 1 image link(s) without alt text (§7.4) | MISSING: og:title (§9.1) | MISSING: og:description (§9.2) | og:image not accessible (HTTP 403) (§9.3) | MISSING: og:type (§9.4) | MISSING: og:site_name (§9.4) | MISSING: twitter:card (§9.5) | MISSING: twitter:title (§9.5) | MISSING: twitter:description (§9.5) | MISSING: twitter:image (§9.5) | MISSING: twitter:site handle (§9.5) | 9 image(s) missing alt attribute (§11.1) | 2 button(s) missing accessible label (§11.3)"
https://www.myastrazeneca.ch/fr/startseite.html,https://www.myastrazeneca.ch/fr/startseite.html,200,"Traitements du diabète, de l’asthme, de la BPCO et du cancer | MyAstraZeneca",76,"Découvrez nos options de traitement : diabète de type 2, asthme, MPOC, lupus et cancers, y compris le cancer du poumon et du sein pour les professionnels de la santé.",166,YES (remove),,https://www.myastrazeneca.ch/fr/startseite.html,1,Bienvenue sur myAstraZeneca!,true,,true,,0,,0,https://www.myastrazeneca.ch//content/dam/intelligentcontent/portals/hcp/ch/en/home/home-thumb.jpg,403,,https://www.myastrazeneca.ch/fr/startseite.html,,,,,0,,0,,,631,676,1640,0.185,12,2,2,true,43,0,true,true,false,true,true,18,"title too long (76 chars, max 60) (§1.3) | description too long (166 chars, max 160) (§1.7) | keywords meta tag present — remove it (§1.9) | MISSING: BreadcrumbList schema on non-homepage (§2.3) | 1 image link(s) without alt text (§7.4) | MISSING: og:title (§9.1) | MISSING: og:description (§9.2) | og:image not accessible (HTTP 403) (§9.3) | MISSING: og:type (§9.4) | MISSING: og:site_name (§9.4) | MISSING: twitter:card (§9.5) | MISSING: twitter:title (§9.5) | MISSING: twitter:description (§9.5) | MISSING: twitter:image (§9.5) | MISSING: twitter:site handle (§9.5) | CLS 0.185 (max 0.1) (§10.4) | 2 image(s) missing alt attribute (§11.1) | 2 button(s) missing accessible label (§11.3)"
https://www.myastrazeneca.ch/fr/startseite/contact-us.html,https://www.myastrazeneca.ch/fr/startseite/contact-us.html,200,Contactez-nous,14,,0,no,,https://www.myastrazeneca.ch/fr/startseite/contact-us.html,0,,true,,true,,0,,0,https://www.myastrazeneca.ch/,403,,https://www.myastrazeneca.ch/fr/startseite/contact-us.html,,,,,0,,0,,,571,616,640,0.5847,3,1,2,true,30,0,true,true,false,true,true,17,"title too short (14 chars, min 50) (§1.3) | MISSING: meta description (§1.5) | MISSING: BreadcrumbList schema on non-homepage (§2.3) | MISSING: H1 (§3.1) | MISSING: og:title (§9.1) | MISSING: og:description (§9.2) | og:image not accessible (HTTP 403) (§9.3) | MISSING: og:type (§9.4) | MISSING: og:site_name (§9.4) | MISSING: twitter:card (§9.5) | MISSING: twitter:title (§9.5) | MISSING: twitter:description (§9.5) | MISSING: twitter:image (§9.5) | MISSING: twitter:site handle (§9.5) | CLS 0.5847 (max 0.1) (§10.4) | 1 image(s) missing alt attribute (§11.1) | 2 button(s) missing accessible label (§11.3)"
https://www.myastrazeneca.ch/fr/startseite/produkte.html,https://www.myastrazeneca.ch/fr/startseite/produkte.html,200,"Médicaments cardiovasculaires, rénaux et métaboliques | MyAstraZeneca",69,"Explorez les ressources sur les traitements en médecine cardiovasculaire, la revascularisation, l'insuffisance cardiaque et rénale, et les maladies métaboliques. Consultez le site web MyAstraZeneca destiné aux professionnels de santé.",234,YES (remove),,https://www.myastrazeneca.ch/fr/startseite/produkte.html,1,Nos produits,false,,true,,0,,0,https://www.myastrazeneca.ch//content/dam/intelligentcontent/portals/hcp/ch/en/home/products/products-thumb.jpg,403,,https://www.myastrazeneca.ch/fr/startseite/produkte.html,,,,,0,,0,,,1126,1176,1580,0.7953,39,19,2,true,66,0,true,true,false,true,true,20,"title too long (69 chars, max 60) (§1.3) | description too long (234 chars, max 160) (§1.7) | keywords meta tag present — remove it (§1.9) | MISSING: BreadcrumbList schema on non-homepage (§2.3) | Heading hierarchy skipped: H1→H4 (skipped level) (§3.3) | 9 image link(s) without alt text (§7.4) | MISSING: og:title (§9.1) | MISSING: og:description (§9.2) | og:image not accessible (HTTP 403) (§9.3) | MISSING: og:type (§9.4) | MISSING: og:site_name (§9.4) | MISSING: twitter:card (§9.5) | MISSING: twitter:title (§9.5) | MISSING: twitter:description (§9.5) | MISSING: twitter:image (§9.5) | MISSING: twitter:site handle (§9.5) | TTFB 1126ms (max 800ms) (§10.5) | CLS 0.7953 (max 0.1) (§10.4) | 19 image(s) missing alt attribute (§11.1) | 2 button(s) missing accessible label (§11.3)"
https://www.myastrazeneca.ch/fr/startseite/produkte/trixeo/aerosphere-technologie.html,https://www.myastrazeneca.ch/fr/startseite/produkte/trixeo/aerosphere-technologie.html,200,La technologie de TRIXEO Aerosphere® expliquée | MyAstraZeneca,62,Informations sur la technologie TRIXEO Aerosphere® et son utilisation dans la pratique clinique. Ce site est réservé aux professionnels de santé en Suisse.,155,no,noarchive,https://www.myastrazeneca.ch/fr/startseite/produkte/trixeo/aerosphere-technologie.html,2,TRIXEO AEROSPHERE® | La Technologie de TRIXEO Aerosphere®,false,Article,true,,0,,0,https://www.myastrazeneca.ch/,403,,https://www.myastrazeneca.ch/fr/startseite/produkte/trixeo/aerosphere-technologie.html,,,,,0,,0,,,661,700,1048,0.8015,5,2,2,true,40,0,true,true,false,true,true,18,"title too long (62 chars, max 60) (§1.3) | robots meta ""noarchive"" — page may be excluded from index (§1.10) | MISSING: BreadcrumbList schema on non-homepage (§2.3) | Multiple H1s (2) — only one allowed (§3.1) | Heading hierarchy skipped: H1→H4 (skipped level) (§3.3) | MISSING: og:title (§9.1) | MISSING: og:description (§9.2) | og:image not accessible (HTTP 403) (§9.3) | MISSING: og:type (§9.4) | MISSING: og:site_name (§9.4) | MISSING: twitter:card (§9.5) | MISSING: twitter:title (§9.5) | MISSING: twitter:description (§9.5) | MISSING: twitter:image (§9.5) | MISSING: twitter:site handle (§9.5) | CLS 0.8015 (max 0.1) (§10.4) | 2 image(s) missing alt attribute (§11.1) | 2 button(s) missing accessible label (§11.3)"
https://www.myastrazeneca.ch/fr/startseite/produkte/trixeo/copd-management.html,https://www.myastrazeneca.ch/fr/startseite/produkte/trixeo/copd-management.html,200,La prise en charge de la BPCO | MyAstraZeneca,45,"Prise en charge de la BPCO : Informations cliniques, diagnostic et suivi. Ce site est réservé aux professionnels de santé en Suisse.",132,no,noarchive,https://www.myastrazeneca.ch/fr/startseite/produkte/trixeo/copd-management.html,2,TRIXEO AEROSPHERE® | Prise en charge de la BPCO au cabinet médical,false,Article,true,,0,,0,https://www.myastrazeneca.ch/,403,,https://www.myastrazeneca.ch/fr/startseite/produkte/trixeo/copd-management.html,,,,,0,,0,,,593,640,1112,0.8046,5,2,2,true,40,0,true,true,false,true,true,19,"title too short (45 chars, min 50) (§1.3) | description too short (132 chars, min 140) (§1.7) | robots meta ""noarchive"" — page may be excluded from index (§1.10) | MISSING: BreadcrumbList schema on non-homepage (§2.3) | Multiple H1s (2) — only one allowed (§3.1) | Heading hierarchy skipped: H1→H4 (skipped level) (§3.3) | MISSING: og:title (§9.1) | MISSING: og:description (§9.2) | og:image not accessible (HTTP 403) (§9.3) | MISSING: og:type (§9.4) | MISSING: og:site_name (§9.4) | MISSING: twitter:card (§9.5) | MISSING: twitter:title (§9.5) | MISSING: twitter:description (§9.5) | MISSING: twitter:image (§9.5) | MISSING: twitter:site handle (§9.5) | CLS 0.8046 (max 0.1) (§10.4) | 2 image(s) missing alt attribute (§11.1) | 2 button(s) missing accessible label (§11.3)"
https://www.myastrazeneca.ch/fr/startseite/produkte/trixeo/events.html,https://www.myastrazeneca.ch/fr/startseite/produkte/trixeo/events.html,200,Événements et formations de TRIXEO Aerosphere® | MyAstraZeneca,62,Découvrez TRIXEO Aerosphere® lors de nos prochains événements et formations. Ce site est réservé aux professionnels de santé en Suisse.,135,no,noarchive,https://www.myastrazeneca.ch/fr/startseite/produkte/trixeo/events.html,2,TRIXEO AEROSPHERE® | Événements et formations de TRIXEO Aerosphere®,false,Article,true,,0,,0,https://www.myastrazeneca.ch/,403,,https://www.myastrazeneca.ch/fr/startseite/produkte/trixeo/events.html,,,,,0,,0,,,616,668,996,0.8013,5,2,2,true,40,0,true,true,false,true,true,19,"title too long (62 chars, max 60) (§1.3) | description too short (135 chars, min 140) (§1.7) | robots meta ""noarchive"" — page may be excluded from index (§1.10) | MISSING: BreadcrumbList schema on non-homepage (§2.3) | Multiple H1s (2) — only one allowed (§3.1) | Heading hierarchy skipped: H1→H4 (skipped level) (§3.3) | MISSING: og:title (§9.1) | MISSING: og:description (§9.2) | og:image not accessible (HTTP 403) (§9.3) | MISSING: og:type (§9.4) | MISSING: og:site_name (§9.4) | MISSING: twitter:card (§9.5) | MISSING: twitter:title (§9.5) | MISSING: twitter:description (§9.5) | MISSING: twitter:image (§9.5) | MISSING: twitter:site handle (§9.5) | CLS 0.8013 (max 0.1) (§10.4) | 2 image(s) missing alt attribute (§11.1) | 2 button(s) missing accessible label (§11.3)"
https://www.myastrazeneca.ch/fr/startseite/produkte/trixeo/ressourcen.html,https://www.myastrazeneca.ch/fr/startseite/produkte/trixeo/ressourcen.html,200,Ressources TRIXEO pour le corps médical | MyAstraZeneca,55,Retrouvez notre sélection de ressources TRIXEO® pour votre pratique quotidienne. Ce site est réservé aux professionnels de santé en Suisse.,139,no,noarchive,https://www.myastrazeneca.ch/fr/startseite/produkte/trixeo/ressourcen.html,2,TRIXEO AEROSPHERE® | Ressources pour le corps médical,false,Article,true,,0,,0,https://www.myastrazeneca.ch/,403,,https://www.myastrazeneca.ch/fr/startseite/produkte/trixeo/ressourcen.html,,,,,0,,0,,,826,900,1280,0.8013,5,2,2,true,40,0,true,true,false,true,true,19,"description too short (139 chars, min 140) (§1.7) | robots meta ""noarchive"" — page may be excluded from index (§1.10) | MISSING: BreadcrumbList schema on non-homepage (§2.3) | Multiple H1s (2) — only one allowed (§3.1) | Heading hierarchy skipped: H1→H4 (skipped level) (§3.3) | MISSING: og:title (§9.1) | MISSING: og:description (§9.2) | og:image not accessible (HTTP 403) (§9.3) | MISSING: og:type (§9.4) | MISSING: og:site_name (§9.4) | MISSING: twitter:card (§9.5) | MISSING: twitter:title (§9.5) | MISSING: twitter:description (§9.5) | MISSING: twitter:image (§9.5) | MISSING: twitter:site handle (§9.5) | TTFB 826ms (max 800ms) (§10.5) | CLS 0.8013 (max 0.1) (§10.4) | 2 image(s) missing alt attribute (§11.1) | 2 button(s) missing accessible label (§11.3)"
https://www.myastrazeneca.ch/fr/startseite/produkte/trixeo/ressourcen/3-molekuele-der-dreifachtherapie-gegen-kardiopulmonales-risiko-fr.html,https://www.myastrazeneca.ch/fr/startseite/produkte/trixeo/ressourcen/3-molekuele-der-dreifachtherapie-gegen-kardiopulmonales-risiko-fr.html,200,Trithérapie et facteurs de risque cardiopulmonaires | MyAstraZeneca,67,Informations sur la trithérapie face aux risques cardiopulmonaires. Ce site est réservé aux professionnels de santé en Suisse.,126,no,noarchive,https://www.myastrazeneca.ch/fr/startseite/produkte/trixeo/ressourcen/3-molekuele-der-dreifachtherapie-gegen-kardiopulmonales-risiko-fr.html,1,Trithérapie dans la BPCO : contexte clinique et risques cardiopulmonaires,false,Article,true,,0,,0,https://www.myastrazeneca.ch/,403,,https://www.myastrazeneca.ch/fr/startseite/produkte/trixeo/ressourcen/3-molekuele-der-dreifachtherapie-gegen-kardiopulmonales-risiko-fr.html,,,,,0,,0,,,691,740,796,0.0207,3,1,2,true,32,0,true,true,false,true,true,17,"title too long (67 chars, max 60) (§1.3) | description too short (126 chars, min 140) (§1.7) | robots meta ""noarchive"" — page may be excluded from index (§1.10) | MISSING: BreadcrumbList schema on non-homepage (§2.3) | Heading hierarchy skipped: H1→H4 (skipped level) (§3.3) | MISSING: og:title (§9.1) | MISSING: og:description (§9.2) | og:image not accessible (HTTP 403) (§9.3) | MISSING: og:type (§9.4) | MISSING: og:site_name (§9.4) | MISSING: twitter:card (§9.5) | MISSING: twitter:title (§9.5) | MISSING: twitter:description (§9.5) | MISSING: twitter:image (§9.5) | MISSING: twitter:site handle (§9.5) | 1 image(s) missing alt attribute (§11.1) | 2 button(s) missing accessible label (§11.3)"
https://www.myastrazeneca.ch/fr/startseite/produkte/trixeo/ressourcen/anwendungsbroschuere-trixeo-aerosphere-fr.html,https://www.myastrazeneca.ch/fr/startseite/produkte/trixeo/ressourcen/anwendungsbroschuere-trixeo-aerosphere-fr.html,200,Brochure d'utilisation de TRIXEO Aerosphere® | MyAstraZeneca,60,Brochure d'utilisation de TRIXEO Aerosphere® avec des informations sur la posologie et le mode d'emploi. Réservée aux professionnels de santé en Suisse.,152,no,noarchive,https://www.myastrazeneca.ch/fr/startseite/produkte/trixeo/ressourcen/anwendungsbroschuere-trixeo-aerosphere-fr.html,1,Brochure d'utilisation de TRIXEO Aerosphere®,false,Article,true,,0,,0,https://www.myastrazeneca.ch/,403,,https://www.myastrazeneca.ch/fr/startseite/produkte/trixeo/ressourcen/anwendungsbroschuere-trixeo-aerosphere-fr.html,,,,,0,,0,,,529,568,596,0.0209,3,1,2,true,32,0,true,true,false,true,true,15,"robots meta ""noarchive"" — page may be excluded from index (§1.10) | MISSING: BreadcrumbList schema on non-homepage (§2.3) | Heading hierarchy skipped: H1→H4 (skipped level) (§3.3) | MISSING: og:title (§9.1) | MISSING: og:description (§9.2) | og:image not accessible (HTTP 403) (§9.3) | MISSING: og:type (§9.4) | MISSING: og:site_name (§9.4) | MISSING: twitter:card (§9.5) | MISSING: twitter:title (§9.5) | MISSING: twitter:description (§9.5) | MISSING: twitter:image (§9.5) | MISSING: twitter:site handle (§9.5) | 1 image(s) missing alt attribute (§11.1) | 2 button(s) missing accessible label (§11.3)"
https://www.myastrazeneca.ch/fr/startseite/produkte/trixeo/ressourcen/anwendungskarte-trixeo-aerosphere-fr.html,https://www.myastrazeneca.ch/fr/startseite/produkte/trixeo/ressourcen/anwendungskarte-trixeo-aerosphere-fr.html,200,"Utilisation de TRIXEO Aerosphere®, Symbicort® et Vannair® | MyAstraZeneca",73,"Tutoriels vidéo pour l'utilisation de TRIXEO Aerosphere®, Symbicort® et Vannair®. Ce site est réservé aux professionnels de santé en Suisse.",140,no,noarchive,https://www.myastrazeneca.ch/fr/startseite/produkte/trixeo/ressourcen/anwendungskarte-trixeo-aerosphere-fr.html,1,"Guides de bon usage pour TRIXEO Aerosphere®, Symbicort® et Vannair®",false,Article,true,,0,,0,https://www.myastrazeneca.ch/,403,,https://www.myastrazeneca.ch/fr/startseite/produkte/trixeo/ressourcen/anwendungskarte-trixeo-aerosphere-fr.html,,,,,0,,0,,,568,632,632,0.0209,3,1,2,true,32,0,true,true,false,true,true,16,"title too long (73 chars, max 60) (§1.3) | robots meta ""noarchive"" — page may be excluded from index (§1.10) | MISSING: BreadcrumbList schema on non-homepage (§2.3) | Heading hierarchy skipped: H1→H4 (skipped level) (§3.3) | MISSING: og:title (§9.1) | MISSING: og:description (§9.2) | og:image not accessible (HTTP 403) (§9.3) | MISSING: og:type (§9.4) | MISSING: og:site_name (§9.4) | MISSING: twitter:card (§9.5) | MISSING: twitter:title (§9.5) | MISSING: twitter:description (§9.5) | MISSING: twitter:image (§9.5) | MISSING: twitter:site handle (§9.5) | 1 image(s) missing alt attribute (§11.1) | 2 button(s) missing accessible label (§11.3)"
https://www.myastrazeneca.ch/fr/startseite/produkte/trixeo/ressourcen/checkliste-fuer-copd-exazerbationen-fr.html,https://www.myastrazeneca.ch/fr/startseite/produkte/trixeo/ressourcen/checkliste-fuer-copd-exazerbationen-fr.html,200,Check-list pour les exacerbations de la BPCO | MyAstraZeneca,60,Check-list de documentation des exacerbations de la BPCO pour un suivi clinique structuré. Ce site est réservé aux professionnels de santé en Suisse.,149,no,noarchive,https://www.myastrazeneca.ch/fr/startseite/produkte/trixeo/ressourcen/checkliste-fuer-copd-exazerbationen-fr.html,1,Reconnaître une exacerbation de la BPCO : check-list pour les patients,false,Article,true,,0,,0,https://www.myastrazeneca.ch/,403,,https://www.myastrazeneca.ch/fr/startseite/produkte/trixeo/ressourcen/checkliste-fuer-copd-exazerbationen-fr.html,,,,,0,,0,,,566,624,684,0.0222,3,1,2,true,32,0,true,true,false,true,true,15,"robots meta ""noarchive"" — page may be excluded from index (§1.10) | MISSING: BreadcrumbList schema on non-homepage (§2.3) | Heading hierarchy skipped: H1→H4 (skipped level) (§3.3) | MISSING: og:title (§9.1) | MISSING: og:description (§9.2) | og:image not accessible (HTTP 403) (§9.3) | MISSING: og:type (§9.4) | MISSING: og:site_name (§9.4) | MISSING: twitter:card (§9.5) | MISSING: twitter:title (§9.5) | MISSING: twitter:description (§9.5) | MISSING: twitter:image (§9.5) | MISSING: twitter:site handle (§9.5) | 1 image(s) missing alt attribute (§11.1) | 2 button(s) missing accessible label (§11.3)"
https://www.myastrazeneca.ch/fr/startseite/produkte/trixeo/ressourcen/copd-datenblatt-fr.html,https://www.myastrazeneca.ch/fr/startseite/produkte/trixeo/ressourcen/copd-datenblatt-fr.html,200,Fiche de suivi pour la BPCO pour les patients | MyAstraZeneca,61,Fiche de suivi de la BPCO pour l'auto-évaluation des symptômes au quotidien. Ce site est réservé aux professionnels de santé en Suisse | MyAstraZeneca,150,no,noarchive,https://www.myastrazeneca.ch/fr/startseite/produkte/trixeo/ressourcen/copd-datenblatt-fr.html,1,Fiche de suivi pour la BPCO pour les patients,false,Article,true,,0,,0,https://www.myastrazeneca.ch/,403,,https://www.myastrazeneca.ch/fr/startseite/produkte/trixeo/ressourcen/copd-datenblatt-fr.html,,,,,0,,0,,,578,616,632,0.0241,3,1,2,true,32,0,true,true,false,true,true,16,"title too long (61 chars, max 60) (§1.3) | robots meta ""noarchive"" — page may be excluded from index (§1.10) | MISSING: BreadcrumbList schema on non-homepage (§2.3) | Heading hierarchy skipped: H1→H4 (skipped level) (§3.3) | MISSING: og:title (§9.1) | MISSING: og:description (§9.2) | og:image not accessible (HTTP 403) (§9.3) | MISSING: og:type (§9.4) | MISSING: og:site_name (§9.4) | MISSING: twitter:card (§9.5) | MISSING: twitter:title (§9.5) | MISSING: twitter:description (§9.5) | MISSING: twitter:image (§9.5) | MISSING: twitter:site handle (§9.5) | 1 image(s) missing alt attribute (§11.1) | 2 button(s) missing accessible label (§11.3)"
https://www.myastrazeneca.ch/fr/startseite/produkte/trixeo/ressourcen/copd-und-lungenkrebs-fr.html,https://www.myastrazeneca.ch/fr/startseite/produkte/trixeo/ressourcen/copd-und-lungenkrebs-fr.html,200,BPCO et cancer du poumon | MyAstraZeneca,40,Journal thématique sur la BPCO et le cancer du poumon avec témoignages de patients. Ce site est réservé aux professionnels de santé en Suisse.,142,no,noarchive,https://www.myastrazeneca.ch/fr/startseite/produkte/trixeo/ressourcen/copd-und-lungenkrebs-fr.html,1,BPCO et cancer du poumon : informations pour vos patients,false,Article,true,,0,,0,https://www.myastrazeneca.ch/,403,,https://www.myastrazeneca.ch/fr/startseite/produkte/trixeo/ressourcen/copd-und-lungenkrebs-fr.html,,,,,0,,0,,,706,772,796,0.0225,3,1,2,true,32,0,true,true,false,true,true,16,"title too short (40 chars, min 50) (§1.3) | robots meta ""noarchive"" — page may be excluded from index (§1.10) | MISSING: BreadcrumbList schema on non-homepage (§2.3) | Heading hierarchy skipped: H1→H4 (skipped level) (§3.3) | MISSING: og:title (§9.1) | MISSING: og:description (§9.2) | og:image not accessible (HTTP 403) (§9.3) | MISSING: og:type (§9.4) | MISSING: og:site_name (§9.4) | MISSING: twitter:card (§9.5) | MISSING: twitter:title (§9.5) | MISSING: twitter:description (§9.5) | MISSING: twitter:image (§9.5) | MISSING: twitter:site handle (§9.5) | 1 image(s) missing alt attribute (§11.1) | 2 button(s) missing accessible label (§11.3)"
https://www.myastrazeneca.ch/fr/startseite/produkte/trixeo/ressourcen/ethos-studienzusammenfassung-fr.html,https://www.myastrazeneca.ch/fr/startseite/produkte/trixeo/ressourcen/ethos-studienzusammenfassung-fr.html,200,Étude ETHOS | MyAstraZeneca,27,Aperçu des résultats de l'étude ETHOS sur la trithérapie dans le contexte de la BPCO. Réservé aux professionnels de santé en Suisse.,132,no,noarchive,https://www.myastrazeneca.ch/fr/startseite/produkte/trixeo/ressourcen/ethos-studienzusammenfassung-fr.html,1,Étude ETHOS : efficacité et sécurité de la trithérapie inhalée dans la BPCO,false,Article,true,,0,,0,https://www.myastrazeneca.ch/,403,,https://www.myastrazeneca.ch/fr/startseite/produkte/trixeo/ressourcen/ethos-studienzusammenfassung-fr.html,,,,,0,,0,,,747,784,832,0.0242,3,1,2,true,32,0,true,true,false,true,true,17,"title too short (27 chars, min 50) (§1.3) | description too short (132 chars, min 140) (§1.7) | robots meta ""noarchive"" — page may be excluded from index (§1.10) | MISSING: BreadcrumbList schema on non-homepage (§2.3) | Heading hierarchy skipped: H1→H4 (skipped level) (§3.3) | MISSING: og:title (§9.1) | MISSING: og:description (§9.2) | og:image not accessible (HTTP 403) (§9.3) | MISSING: og:type (§9.4) | MISSING: og:site_name (§9.4) | MISSING: twitter:card (§9.5) | MISSING: twitter:title (§9.5) | MISSING: twitter:description (§9.5) | MISSING: twitter:image (§9.5) | MISSING: twitter:site handle (§9.5) | 1 image(s) missing alt attribute (§11.1) | 2 button(s) missing accessible label (§11.3)"
https://www.myastrazeneca.ch/fr/startseite/produkte/trixeo/ressourcen/fachinformation-von-trixeo-aerosphere-fr.html,https://www.myastrazeneca.ch/fr/startseite/produkte/trixeo/ressourcen/fachinformation-von-trixeo-aerosphere-fr.html,200,Information professionnelle sur TRIXEO Aerosphere® | MyAstraZeneca,66,Information professionnelle sur TRIXEO Aerosphere® avec indications d'utilisation et de posologie. Ce site est réservé aux professionnels de santé en Suisse.,157,no,noarchive,https://www.myastrazeneca.ch/fr/startseite/produkte/trixeo/ressourcen/fachinformation-von-trixeo-aerosphere-fr.html,1,Information professionnelle sur TRIXEO Aerosphere®,false,Article,true,,0,,0,https://www.myastrazeneca.ch/,403,,https://www.myastrazeneca.ch/fr/startseite/produkte/trixeo/ressourcen/fachinformation-von-trixeo-aerosphere-fr.html,,,,,0,,0,,,559,604,668,0.0207,3,1,2,true,32,0,true,true,false,true,true,16,"title too long (66 chars, max 60) (§1.3) | robots meta ""noarchive"" — page may be excluded from index (§1.10) | MISSING: BreadcrumbList schema on non-homepage (§2.3) | Heading hierarchy skipped: H1→H4 (skipped level) (§3.3) | MISSING: og:title (§9.1) | MISSING: og:description (§9.2) | og:image not accessible (HTTP 403) (§9.3) | MISSING: og:type (§9.4) | MISSING: og:site_name (§9.4) | MISSING: twitter:card (§9.5) | MISSING: twitter:title (§9.5) | MISSING: twitter:description (§9.5) | MISSING: twitter:image (§9.5) | MISSING: twitter:site handle (§9.5) | 1 image(s) missing alt attribute (§11.1) | 2 button(s) missing accessible label (§11.3)"
https://www.myastrazeneca.ch/fr/startseite/produkte/trixeo/ressourcen/kronos-studienzusammenfassung-fr.html,https://www.myastrazeneca.ch/fr/startseite/produkte/trixeo/ressourcen/kronos-studienzusammenfassung-fr.html,200,Étude KRONOS | MyAstraZeneca,28,"Aperçu des objectifs, de la méthodologie et des résultats de l'étude KRONOS sur la trithérapie inhalée. Réservé aux professionnels de santé en Suisse.",150,no,noarchive,https://www.myastrazeneca.ch/fr/startseite/produkte/trixeo/ressourcen/kronos-studienzusammenfassung-fr.html,1,Étude KRONOS : efficacité et sécurité de la trithérapie inhalée dans la BPCO,false,Article,true,,0,,0,https://www.myastrazeneca.ch/,403,,https://www.myastrazeneca.ch/fr/startseite/produkte/trixeo/ressourcen/kronos-studienzusammenfassung-fr.html,,,,,0,,0,,,614,704,740,0.0206,3,1,2,true,32,0,true,true,false,true,true,16,"title too short (28 chars, min 50) (§1.3) | robots meta ""noarchive"" — page may be excluded from index (§1.10) | MISSING: BreadcrumbList schema on non-homepage (§2.3) | Heading hierarchy skipped: H1→H4 (skipped level) (§3.3) | MISSING: og:title (§9.1) | MISSING: og:description (§9.2) | og:image not accessible (HTTP 403) (§9.3) | MISSING: og:type (§9.4) | MISSING: og:site_name (§9.4) | MISSING: twitter:card (§9.5) | MISSING: twitter:title (§9.5) | MISSING: twitter:description (§9.5) | MISSING: twitter:image (§9.5) | MISSING: twitter:site handle (§9.5) | 1 image(s) missing alt attribute (§11.1) | 2 button(s) missing accessible label (§11.3)"
https://www.myastrazeneca.ch/fr/startseite/produkte/trixeo/ressourcen/lunge-und-herz-ein-unzertrennliches-duo-fr.html,https://www.myastrazeneca.ch/fr/startseite/produkte/trixeo/ressourcen/lunge-und-herz-ein-unzertrennliches-duo-fr.html,200,BPCO et risques cardiovasculaires | MyAstraZeneca,49,BPCO et risques cardiovasculaires: l'interaction clinique entre les poumons et le cœur. Ce site est réservé aux professionnels de santé en Suisse.,146,no,noarchive,https://www.myastrazeneca.ch/fr/startseite/produkte/trixeo/ressourcen/lunge-und-herz-ein-unzertrennliches-duo-fr.html,1,BPCO et risque d'événements cardiovasculaires,false,Article,true,,0,,0,https://www.myastrazeneca.ch/,403,,https://www.myastrazeneca.ch/fr/startseite/produkte/trixeo/ressourcen/lunge-und-herz-ein-unzertrennliches-duo-fr.html,,,,,0,,0,,,589,628,648,0.0251,3,1,2,true,32,0,true,true,false,true,true,16,"title too short (49 chars, min 50) (§1.3) | robots meta ""noarchive"" — page may be excluded from index (§1.10) | MISSING: BreadcrumbList schema on non-homepage (§2.3) | Heading hierarchy skipped: H1→H4 (skipped level) (§3.3) | MISSING: og:title (§9.1) | MISSING: og:description (§9.2) | og:image not accessible (HTTP 403) (§9.3) | MISSING: og:type (§9.4) | MISSING: og:site_name (§9.4) | MISSING: twitter:card (§9.5) | MISSING: twitter:title (§9.5) | MISSING: twitter:description (§9.5) | MISSING: twitter:image (§9.5) | MISSING: twitter:site handle (§9.5) | 1 image(s) missing alt attribute (§11.1) | 2 button(s) missing accessible label (§11.3)"
https://www.myastrazeneca.ch/fr/startseite/produkte/trixeo/ressourcen/patient-poster-copd-fr.html,https://www.myastrazeneca.ch/fr/startseite/produkte/trixeo/ressourcen/patient-poster-copd-fr.html,200,Poster d'information BPCO pour les patients | MyAstraZeneca,59,Découvrez le poster patients BPCO sur les symptômes et les facteurs de risque. Ce site est réservé aux professionnels de santé en Suisse.,137,no,noarchive,https://www.myastrazeneca.ch/fr/startseite/produkte/trixeo/ressourcen/patient-poster-copd-fr.html,1,Poster d'information sur la BPCO pour les patients,false,Article,true,,0,,0,https://www.myastrazeneca.ch/,403,,https://www.myastrazeneca.ch/fr/startseite/produkte/trixeo/ressourcen/patient-poster-copd-fr.html,,,,,0,,0,,,565,608,668,0.0239,3,1,2,true,32,0,true,true,false,true,true,16,"description too short (137 chars, min 140) (§1.7) | robots meta ""noarchive"" — page may be excluded from index (§1.10) | MISSING: BreadcrumbList schema on non-homepage (§2.3) | Heading hierarchy skipped: H1→H4 (skipped level) (§3.3) | MISSING: og:title (§9.1) | MISSING: og:description (§9.2) | og:image not accessible (HTTP 403) (§9.3) | MISSING: og:type (§9.4) | MISSING: og:site_name (§9.4) | MISSING: twitter:card (§9.5) | MISSING: twitter:title (§9.5) | MISSING: twitter:description (§9.5) | MISSING: twitter:image (§9.5) | MISSING: twitter:site handle (§9.5) | 1 image(s) missing alt attribute (§11.1) | 2 button(s) missing accessible label (§11.3)"
https://www.myastrazeneca.ch/fr/startseite/produkte/trixeo/ressourcen/patientenbroschure-zur-copd-fr.html,https://www.myastrazeneca.ch/fr/startseite/produkte/trixeo/ressourcen/patientenbroschure-zur-copd-fr.html,200,Brochure BPCO pour vos patients | MyAstraZeneca,47,Brochure destinée aux patients sur les options thérapeutiques et les mesures d'autogestion de la BPCO. Réservée aux professionnels de santé en Suisse.,150,no,noarchive,https://www.myastrazeneca.ch/fr/startseite/produkte/trixeo/ressourcen/patientenbroschure-zur-copd-fr.html,1,Brochure destinée aux patients sur la prise en charge et le traitement de la BPCO,false,Article,true,,0,,0,https://www.myastrazeneca.ch/,403,,https://www.myastrazeneca.ch/fr/startseite/produkte/trixeo/ressourcen/patientenbroschure-zur-copd-fr.html,,,,,0,,0,,,590,636,672,0.0211,3,1,2,true,32,0,true,true,false,true,true,16,"title too short (47 chars, min 50) (§1.3) | robots meta ""noarchive"" — page may be excluded from index (§1.10) | MISSING: BreadcrumbList schema on non-homepage (§2.3) | Heading hierarchy skipped: H1→H4 (skipped level) (§3.3) | MISSING: og:title (§9.1) | MISSING: og:description (§9.2) | og:image not accessible (HTTP 403) (§9.3) | MISSING: og:type (§9.4) | MISSING: og:site_name (§9.4) | MISSING: twitter:card (§9.5) | MISSING: twitter:title (§9.5) | MISSING: twitter:description (§9.5) | MISSING: twitter:image (§9.5) | MISSING: twitter:site handle (§9.5) | 1 image(s) missing alt attribute (§11.1) | 2 button(s) missing accessible label (§11.3)"
https://www.myastrazeneca.ch/fr/startseite/produkte/trixeo/ressourcen/slide-deck-copd-now-fr.html,https://www.myastrazeneca.ch/fr/startseite/produkte/trixeo/ressourcen/slide-deck-copd-now-fr.html,200,Présentation sur la prise en charge de la BPCO en pratique | MyAstraZeneca,74,Prise en charge de la BPCO en contexte clinique : aperçu des exacerbations et des risques cardiopulmonaires. Réservé aux professionnels de santé en Suisse.,155,no,noarchive,https://www.myastrazeneca.ch/fr/startseite/produkte/trixeo/ressourcen/slide-deck-copd-now-fr.html,1,Présentation sur la prise en charge de la BPCO en pratique clinique,false,Article,true,,0,,0,https://www.myastrazeneca.ch/,403,,https://www.myastrazeneca.ch/fr/startseite/produkte/trixeo/ressourcen/slide-deck-copd-now-fr.html,,,,,0,,0,,,578,660,672,0.0205,3,1,2,true,32,0,true,true,false,true,true,16,"title too long (74 chars, max 60) (§1.3) | robots meta ""noarchive"" — page may be excluded from index (§1.10) | MISSING: BreadcrumbList schema on non-homepage (§2.3) | Heading hierarchy skipped: H1→H4 (skipped level) (§3.3) | MISSING: og:title (§9.1) | MISSING: og:description (§9.2) | og:image not accessible (HTTP 403) (§9.3) | MISSING: og:type (§9.4) | MISSING: og:site_name (§9.4) | MISSING: twitter:card (§9.5) | MISSING: twitter:title (§9.5) | MISSING: twitter:description (§9.5) | MISSING: twitter:image (§9.5) | MISSING: twitter:site handle (§9.5) | 1 image(s) missing alt attribute (§11.1) | 2 button(s) missing accessible label (§11.3)"
https://www.myastrazeneca.ch/fr/startseite/produkte/trixeo/ressourcen/slide-deck-trixeo-aerosphere-technologie-fr.html,https://www.myastrazeneca.ch/fr/startseite/produkte/trixeo/ressourcen/slide-deck-trixeo-aerosphere-technologie-fr.html,200,Aperçu de la technologie TRIXEO Aerosphere® | MyAstraZeneca,59,Présentation de la technologie TRIXEO Aerosphere® avec son mécanisme d'action et son utilisation. Ce site est réservé aux professionnels de santé en Suisse.,156,no,noarchive,https://www.myastrazeneca.ch/fr/startseite/produkte/trixeo/ressourcen/slide-deck-trixeo-aerosphere-technologie-fr.html,1,La technologie de TRIXEO Aerosphere® – résumée dans une présentation concise,false,Article,true,,0,,0,https://www.myastrazeneca.ch/,403,,https://www.myastrazeneca.ch/fr/startseite/produkte/trixeo/ressourcen/slide-deck-trixeo-aerosphere-technologie-fr.html,,,,,0,,0,,,807,844,888,0.0239,3,1,2,true,32,0,true,true,false,true,true,16,"robots meta ""noarchive"" — page may be excluded from index (§1.10) | MISSING: BreadcrumbList schema on non-homepage (§2.3) | Heading hierarchy skipped: H1→H4 (skipped level) (§3.3) | MISSING: og:title (§9.1) | MISSING: og:description (§9.2) | og:image not accessible (HTTP 403) (§9.3) | MISSING: og:type (§9.4) | MISSING: og:site_name (§9.4) | MISSING: twitter:card (§9.5) | MISSING: twitter:title (§9.5) | MISSING: twitter:description (§9.5) | MISSING: twitter:image (§9.5) | MISSING: twitter:site handle (§9.5) | TTFB 807ms (max 800ms) (§10.5) | 1 image(s) missing alt attribute (§11.1) | 2 button(s) missing accessible label (§11.3)"
https://www.myastrazeneca.ch/fr/startseite/produkte/trixeo/ressourcen/studienzusammenfassung-skopos-mazi-fr.html,https://www.myastrazeneca.ch/fr/startseite/produkte/trixeo/ressourcen/studienzusammenfassung-skopos-mazi-fr.html,200,Étude SKOPOS-MAZI | MyAstraZeneca,33,Aperçu des résultats de l'étude SKOPOS-MAZI sur la trithérapie dans le contexte de la BPCO. Réservé aux professionnels de santé en Suisse.,138,no,noarchive,https://www.myastrazeneca.ch/fr/startseite/produkte/trixeo/ressourcen/studienzusammenfassung-skopos-mazi-fr.html,1,Étude SKOPOS-MAZI : efficacité et sécurité de la trithérapie inhalée dans la BPCO,false,Article,true,,0,,0,https://www.myastrazeneca.ch/,403,,https://www.myastrazeneca.ch/fr/startseite/produkte/trixeo/ressourcen/studienzusammenfassung-skopos-mazi-fr.html,,,,,0,,0,,,795,836,880,0.0271,3,1,2,true,32,0,true,true,false,true,true,17,"title too short (33 chars, min 50) (§1.3) | description too short (138 chars, min 140) (§1.7) | robots meta ""noarchive"" — page may be excluded from index (§1.10) | MISSING: BreadcrumbList schema on non-homepage (§2.3) | Heading hierarchy skipped: H1→H4 (skipped level) (§3.3) | MISSING: og:title (§9.1) | MISSING: og:description (§9.2) | og:image not accessible (HTTP 403) (§9.3) | MISSING: og:type (§9.4) | MISSING: og:site_name (§9.4) | MISSING: twitter:card (§9.5) | MISSING: twitter:title (§9.5) | MISSING: twitter:description (§9.5) | MISSING: twitter:image (§9.5) | MISSING: twitter:site handle (§9.5) | 1 image(s) missing alt attribute (§11.1) | 2 button(s) missing accessible label (§11.3)"
https://www.myastrazeneca.ch/fr/startseite/produkte/trixeo/ressourcen/trixeo-aerosphere-factsheet-zur-limitatio-fr.html,https://www.myastrazeneca.ch/fr/startseite/produkte/trixeo/ressourcen/trixeo-aerosphere-factsheet-zur-limitatio-fr.html,200,TRIXEO Aerosphere® : Limitatio et implications | MyAstraZeneca,62,Informations sur la Limitatio et ses implications pour TRIXEO Aerosphere® dans le contexte clinique. Réservé aux professionnels de santé en Suisse.,147,no,noarchive,https://www.myastrazeneca.ch/fr/startseite/produkte/trixeo/ressourcen/trixeo-aerosphere-factsheet-zur-limitatio-fr.html,1,TRIXEO Aerosphere® : aperçu de l'indication et de la Limitatio,false,Article,true,,0,,0,https://www.myastrazeneca.ch/,403,,https://www.myastrazeneca.ch/fr/startseite/produkte/trixeo/ressourcen/trixeo-aerosphere-factsheet-zur-limitatio-fr.html,,,,,0,,0,,,1009,1072,1132,0.0206,3,1,2,true,32,0,true,true,false,true,true,17,"title too long (62 chars, max 60) (§1.3) | robots meta ""noarchive"" — page may be excluded from index (§1.10) | MISSING: BreadcrumbList schema on non-homepage (§2.3) | Heading hierarchy skipped: H1→H4 (skipped level) (§3.3) | MISSING: og:title (§9.1) | MISSING: og:description (§9.2) | og:image not accessible (HTTP 403) (§9.3) | MISSING: og:type (§9.4) | MISSING: og:site_name (§9.4) | MISSING: twitter:card (§9.5) | MISSING: twitter:title (§9.5) | MISSING: twitter:description (§9.5) | MISSING: twitter:image (§9.5) | MISSING: twitter:site handle (§9.5) | TTFB 1009ms (max 800ms) (§10.5) | 1 image(s) missing alt attribute (§11.1) | 2 button(s) missing accessible label (§11.3)"
https://www.myastrazeneca.ch/fr/startseite/produkte/trixeo/ressourcen/trixeo-aerosphere-kranken-kassenformular-fr.html,https://www.myastrazeneca.ch/fr/startseite/produkte/trixeo/ressourcen/trixeo-aerosphere-kranken-kassenformular-fr.html,200,Prise en charge TRIXEO Aerosphere® | MyAstraZeneca,50,Téléchargez le formulaire de prise en charge TRIXEO Aerosphere® pour la caisse-maladie. Ce site est réservé aux professionnels de santé en Suisse.,146,no,noarchive,https://www.myastrazeneca.ch/fr/startseite/produkte/trixeo/ressourcen/trixeo-aerosphere-kranken-kassenformular-fr.html,1,Demande de prise en charge pour TRIXEO Aerosphere® à soumettre à la caisse-maladie,false,Article,true,,0,,0,https://www.myastrazeneca.ch/,403,,https://www.myastrazeneca.ch/fr/startseite/produkte/trixeo/ressourcen/trixeo-aerosphere-kranken-kassenformular-fr.html,,,,,0,,0,,,560,604,660,0.0207,3,1,2,true,32,0,true,true,false,true,true,15,"robots meta ""noarchive"" — page may be excluded from index (§1.10) | MISSING: BreadcrumbList schema on non-homepage (§2.3) | Heading hierarchy skipped: H1→H4 (skipped level) (§3.3) | MISSING: og:title (§9.1) | MISSING: og:description (§9.2) | og:image not accessible (HTTP 403) (§9.3) | MISSING: og:type (§9.4) | MISSING: og:site_name (§9.4) | MISSING: twitter:card (§9.5) | MISSING: twitter:title (§9.5) | MISSING: twitter:description (§9.5) | MISSING: twitter:image (§9.5) | MISSING: twitter:site handle (§9.5) | 1 image(s) missing alt attribute (§11.1) | 2 button(s) missing accessible label (§11.3)"
https://www.myastrazeneca.ch/fr/startseite/produkte/trixeo/sicherheit.html,https://www.myastrazeneca.ch/fr/startseite/produkte/trixeo/sicherheit.html,200,Profil de sécurité de TRIXEO Aerosphere® | MyAstraZeneca,56,Aperçu du profil de sécurité de TRIXEO Aerosphere® fondé sur les résultats d'études cliniques. Réservé aux professionnels de santé en Suisse.,141,no,noarchive,https://www.myastrazeneca.ch/fr/startseite/produkte/trixeo/sicherheit.html,2,TRIXEO AEROSPHERE® | TRIXEO Aerosphere® – Profil de sécurité : aperçu des données cliniques,false,Article,true,,0,,0,https://www.myastrazeneca.ch/,403,,https://www.myastrazeneca.ch/fr/startseite/produkte/trixeo/sicherheit.html,,,,,0,,0,,,593,636,980,0.8016,5,2,2,true,40,0,true,true,false,true,true,17,"robots meta ""noarchive"" — page may be excluded from index (§1.10) | MISSING: BreadcrumbList schema on non-homepage (§2.3) | Multiple H1s (2) — only one allowed (§3.1) | Heading hierarchy skipped: H1→H4 (skipped level) (§3.3) | MISSING: og:title (§9.1) | MISSING: og:description (§9.2) | og:image not accessible (HTTP 403) (§9.3) | MISSING: og:type (§9.4) | MISSING: og:site_name (§9.4) | MISSING: twitter:card (§9.5) | MISSING: twitter:title (§9.5) | MISSING: twitter:description (§9.5) | MISSING: twitter:image (§9.5) | MISSING: twitter:site handle (§9.5) | CLS 0.8016 (max 0.1) (§10.4) | 2 image(s) missing alt attribute (§11.1) | 2 button(s) missing accessible label (§11.3)"
https://www.myastrazeneca.ch/fr/startseite/produkte/trixeo/succinct-statement.html,https://www.myastrazeneca.ch/fr/startseite/produkte/trixeo/succinct-statement.html,200,Information succincte sur TRIXEO Aerosphere® | MyAstraZeneca,60,Information succincte sur TRIXEO Aerosphere® avec un aperçu des informations sur le produit. Ce site est réservé aux professionnels de santé en Suisse,150,no,noarchive,https://www.myastrazeneca.ch/fr/startseite/produkte/trixeo/succinct-statement.html,2,TRIXEO AEROSPHERE® | Information succincte sur TRIXEO Aerosphere®,false,Article,true,,0,,0,https://www.myastrazeneca.ch/,403,,https://www.myastrazeneca.ch/fr/startseite/produkte/trixeo/succinct-statement.html,,,,,0,,0,,,646,704,1144,0.8015,5,2,2,true,40,0,true,true,false,true,true,17,"robots meta ""noarchive"" — page may be excluded from index (§1.10) | MISSING: BreadcrumbList schema on non-homepage (§2.3) | Multiple H1s (2) — only one allowed (§3.1) | Heading hierarchy skipped: H1→H4 (skipped level) (§3.3) | MISSING: og:title (§9.1) | MISSING: og:description (§9.2) | og:image not accessible (HTTP 403) (§9.3) | MISSING: og:type (§9.4) | MISSING: og:site_name (§9.4) | MISSING: twitter:card (§9.5) | MISSING: twitter:title (§9.5) | MISSING: twitter:description (§9.5) | MISSING: twitter:image (§9.5) | MISSING: twitter:site handle (§9.5) | CLS 0.8015 (max 0.1) (§10.4) | 2 image(s) missing alt attribute (§11.1) | 2 button(s) missing accessible label (§11.3)"
https://www.myastrazeneca.ch/fr/startseite/produkte/trixeo/uberblick.html,https://www.myastrazeneca.ch/fr/startseite/produkte/trixeo/uberblick.html,200,Aperçu TRIXEO Aerosphere® | MyAstraZeneca,41,"Aperçu TRIXEO Aerosphere® avec indication, limitation de remboursement et utilisation. Ce site est réservé aux professionnels de santé en Suisse.",145,no,noarchive,https://www.myastrazeneca.ch/fr/startseite/produkte/trixeo/uberblick.html,2,"TRIXEO AEROSPHERE® | Aperçu de TRIXEO Aerosphere® : indication, limitation et utilisation",false,Article,true,,0,,0,https://www.myastrazeneca.ch/,403,,https://www.myastrazeneca.ch/fr/startseite/produkte/trixeo/uberblick.html,,,,,0,,0,,,630,668,988,0.8038,5,2,2,true,40,0,true,true,false,true,true,18,"title too short (41 chars, min 50) (§1.3) | robots meta ""noarchive"" — page may be excluded from index (§1.10) | MISSING: BreadcrumbList schema on non-homepage (§2.3) | Multiple H1s (2) — only one allowed (§3.1) | Heading hierarchy skipped: H1→H4 (skipped level) (§3.3) | MISSING: og:title (§9.1) | MISSING: og:description (§9.2) | og:image not accessible (HTTP 403) (§9.3) | MISSING: og:type (§9.4) | MISSING: og:site_name (§9.4) | MISSING: twitter:card (§9.5) | MISSING: twitter:title (§9.5) | MISSING: twitter:description (§9.5) | MISSING: twitter:image (§9.5) | MISSING: twitter:site handle (§9.5) | CLS 0.8038 (max 0.1) (§10.4) | 2 image(s) missing alt attribute (§11.1) | 2 button(s) missing accessible label (§11.3)"
https://www.myastrazeneca.ch/fr/startseite/produkte/trixeo/wirksamkeit.html,https://www.myastrazeneca.ch/fr/startseite/produkte/trixeo/wirksamkeit.html,200,Efficacité de TRIXEO Aerosphere® | MyAstraZeneca,48,Aperçu des données d'efficacité de TRIXEO Aerosphere® fondées sur des études cliniques. Ce site est réservé aux professionnels de santé en Suisse.,146,no,noarchive,https://www.myastrazeneca.ch/fr/startseite/produkte/trixeo/wirksamkeit.html,2,TRIXEO AEROSPHERE® | Données d'efficacité de TRIXEO Aerosphere® issues des études ETHOS et KRONOS,false,Article,true,,0,,0,https://www.myastrazeneca.ch/,403,,https://www.myastrazeneca.ch/fr/startseite/produkte/trixeo/wirksamkeit.html,,,,,0,,0,,,729,788,1172,0.8048,5,2,2,true,40,0,true,true,false,true,true,18,"title too short (48 chars, min 50) (§1.3) | robots meta ""noarchive"" — page may be excluded from index (§1.10) | MISSING: BreadcrumbList schema on non-homepage (§2.3) | Multiple H1s (2) — only one allowed (§3.1) | Heading hierarchy skipped: H1→H4 (skipped level) (§3.3) | MISSING: og:title (§9.1) | MISSING: og:description (§9.2) | og:image not accessible (HTTP 403) (§9.3) | MISSING: og:type (§9.4) | MISSING: og:site_name (§9.4) | MISSING: twitter:card (§9.5) | MISSING: twitter:title (§9.5) | MISSING: twitter:description (§9.5) | MISSING: twitter:image (§9.5) | MISSING: twitter:site handle (§9.5) | CLS 0.8048 (max 0.1) (§10.4) | 2 image(s) missing alt attribute (§11.1) | 2 button(s) missing accessible label (§11.3)"
https://www.myastrazeneca.ch/fr/startseite/therapiegebiete/cvrm/chronischeniereninsuffizienz.html,https://www.myastrazeneca.ch/fr/startseite/therapiegebiete/cvrm/chronischeniereninsuffizienz.html,200,Insuffisance Rénale Chronique (IRC) Informations - MyAstrazeneca,64,"Nos stratégies et données cliniques sur l’insuffisance rénale chronique dans les maladies cardiovasculaires, rénales et métaboliques (CVRM), en mettant l’accent sur la physiopathologie, la détection précoce et les options de traitement pour les professionnels de santé.",269,YES (remove),,https://www.myastrazeneca.ch/fr/startseite/therapiegebiete/cvrm/chronischeniereninsuffizienz.html,1,Insuffisance rénale chronique,false,,true,,0,,0,https://www.myastrazeneca.ch//content/dam/intelligentcontent/portals/hcp/ch/en/home/therapy-areas/cvrm/chronic-kidney-disease/chronischeniereninsuffizienz-thumb.jpg,403,,https://www.myastrazeneca.ch/fr/startseite/therapiegebiete/cvrm/chronischeniereninsuffizienz.html,,,,,0,,0,,,667,704,1500,0.702,19,2,2,true,34,0,true,true,false,true,true,19,"title too long (64 chars, max 60) (§1.3) | description too long (269 chars, max 160) (§1.7) | keywords meta tag present — remove it (§1.9) | MISSING: BreadcrumbList schema on non-homepage (§2.3) | Heading hierarchy skipped: H2→H4 (skipped level) (§3.3) | 1 image link(s) without alt text (§7.4) | MISSING: og:title (§9.1) | MISSING: og:description (§9.2) | og:image not accessible (HTTP 403) (§9.3) | MISSING: og:type (§9.4) | MISSING: og:site_name (§9.4) | MISSING: twitter:card (§9.5) | MISSING: twitter:title (§9.5) | MISSING: twitter:description (§9.5) | MISSING: twitter:image (§9.5) | MISSING: twitter:site handle (§9.5) | CLS 0.702 (max 0.1) (§10.4) | 2 image(s) missing alt attribute (§11.1) | 2 button(s) missing accessible label (§11.3)"
https://www.myastrazeneca.ch/fr/startseite/therapiegebiete/cvrm/diabetes.html,https://www.myastrazeneca.ch/fr/startseite/therapiegebiete/cvrm/diabetes.html,200,"Symptômes, Diagnostic et Traitement du Diabète Sucré | MyAstraZeneca",68,"Aperçu diagnostique, complications cardiorénales, et stratégies thérapeutiques dans le diabète sucré (type 2) au sein de la médecine cardiovasculaire, rénale et métabolique (CVRM) pour les professionnels de sant.",212,YES (remove),,https://www.myastrazeneca.ch/fr/startseite/therapiegebiete/cvrm/diabetes.html,1,Diabète,false,,true,,0,,0,https://www.myastrazeneca.ch//content/dam/intelligentcontent/portals/hcp/ch/en/home/therapy-areas/cvrm/diabetes/diabetes-thumb.jpg,403,,https://www.myastrazeneca.ch/fr/startseite/therapiegebiete/cvrm/diabetes.html,,,,,0,,0,,,620,684,1640,0.3159,19,9,2,true,34,0,true,true,false,true,true,19,"title too long (68 chars, max 60) (§1.3) | description too long (212 chars, max 160) (§1.7) | keywords meta tag present — remove it (§1.9) | MISSING: BreadcrumbList schema on non-homepage (§2.3) | Heading hierarchy skipped: H2→H4 (skipped level) (§3.3) | 1 image link(s) without alt text (§7.4) | MISSING: og:title (§9.1) | MISSING: og:description (§9.2) | og:image not accessible (HTTP 403) (§9.3) | MISSING: og:type (§9.4) | MISSING: og:site_name (§9.4) | MISSING: twitter:card (§9.5) | MISSING: twitter:title (§9.5) | MISSING: twitter:description (§9.5) | MISSING: twitter:image (§9.5) | MISSING: twitter:site handle (§9.5) | CLS 0.3159 (max 0.1) (§10.4) | 9 image(s) missing alt attribute (§11.1) | 2 button(s) missing accessible label (§11.3)"
https://www.myastrazeneca.ch/fr/startseite/therapiegebiete/cvrm/herzinsuffizienz.html,https://www.myastrazeneca.ch/fr/startseite/therapiegebiete/cvrm/herzinsuffizienz.html,200,"Insuffisance Cardiaque : Symptômes, Diagnostic et Traitement | MyAstraZeneca",76,"Découvrez les causes, symptômes, diagnostic et traitements de l’insuffisance cardiaque, une maladie chronique touchant près de 200 000 personnes en Suisse.",155,YES (remove),,https://www.myastrazeneca.ch/fr/startseite/therapiegebiete/cvrm/herzinsuffizienz.html,1,Insuffisance cardiaque,false,,true,,0,,0,https://www.myastrazeneca.ch//content/dam/intelligentcontent/portals/hcp/ch/en/home/therapy-areas/cvrm/heart-failure/herzinsuffizienz-thumb.jpg,403,,https://www.myastrazeneca.ch/fr/startseite/therapiegebiete/cvrm/herzinsuffizienz.html,,,,,0,,0,,,832,872,1392,0.266,19,2,2,true,34,0,true,true,false,true,true,19,"title too long (76 chars, max 60) (§1.3) | keywords meta tag present — remove it (§1.9) | MISSING: BreadcrumbList schema on non-homepage (§2.3) | Heading hierarchy skipped: H2→H4 (skipped level) (§3.3) | 1 image link(s) without alt text (§7.4) | MISSING: og:title (§9.1) | MISSING: og:description (§9.2) | og:image not accessible (HTTP 403) (§9.3) | MISSING: og:type (§9.4) | MISSING: og:site_name (§9.4) | MISSING: twitter:card (§9.5) | MISSING: twitter:title (§9.5) | MISSING: twitter:description (§9.5) | MISSING: twitter:image (§9.5) | MISSING: twitter:site handle (§9.5) | TTFB 832ms (max 800ms) (§10.5) | CLS 0.266 (max 0.1) (§10.4) | 2 image(s) missing alt attribute (§11.1) | 2 button(s) missing accessible label (§11.3)"
https://www.myastrazeneca.ch/fr/startseite/therapiegebiete/cvrm/see-the-pattrns/about-amylodosis-attr.html,https://www.myastrazeneca.ch/fr/startseite/therapiegebiete/cvrm/see-the-pattrns/about-amylodosis-attr.html,403,,0,,0,no,,,0,,,,,,0,,0,,,,,,,,,0,,0,,,,,,,,,,,,,,,,,,1,Page returned HTTP 403
https://www.myastrazeneca.ch/fr/startseite/therapiegebiete/cvrm/see-the-pattrns/diagnosis.html,https://www.myastrazeneca.ch/fr/startseite/therapiegebiete/cvrm/see-the-pattrns/diagnosis.html,200,Diagnostic de l’ATTR,20,,0,no,,https://www.myastrazeneca.ch/fr/startseite/therapiegebiete/cvrm/see-the-pattrns/diagnosis.html,1,,false,,true,,0,,0,https://www.myastrazeneca.ch/,403,,https://www.myastrazeneca.ch/fr/startseite/therapiegebiete/cvrm/see-the-pattrns/diagnosis.html,,,,,0,,0,,,915,956,1300,0.1539,12,1,2,true,44,0,true,true,false,true,true,18,"title too short (20 chars, min 50) (§1.3) | MISSING: meta description (§1.5) | MISSING: BreadcrumbList schema on non-homepage (§2.3) | Heading hierarchy skipped: H1→H3 (skipped level) (§3.3) | MISSING: og:title (§9.1) | MISSING: og:description (§9.2) | og:image not accessible (HTTP 403) (§9.3) | MISSING: og:type (§9.4) | MISSING: og:site_name (§9.4) | MISSING: twitter:card (§9.5) | MISSING: twitter:title (§9.5) | MISSING: twitter:description (§9.5) | MISSING: twitter:image (§9.5) | MISSING: twitter:site handle (§9.5) | TTFB 915ms (max 800ms) (§10.5) | CLS 0.1539 (max 0.1) (§10.4) | 1 image(s) missing alt attribute (§11.1) | 2 button(s) missing accessible label (§11.3)"
https://www.myastrazeneca.ch/fr/startseite/therapiegebiete/cvrm/see-the-pattrns/home.html,https://www.myastrazeneca.ch/fr/startseite/therapiegebiete/cvrm/see-the-pattrns/home.html,200,Amylose à transthyrétine (ATTR-CM) – Diagnostic et prise en charge | MyAstraZeneca,82,"En savoir plus sur l'amylose ATTR, son diagnostic, sa prise en charge et les options thérapeutiques pour les professionnels de santé de traitement innovantes.",158,YES (remove),,https://www.myastrazeneca.ch/fr/startseite/therapiegebiete/cvrm/see-the-pattrns/home.html,1,,false,,true,,0,,0,https://www.myastrazeneca.ch//content/dam/intelligentcontent/portals/hcp/ch/it/home/therapiegebiete/cvrm/pattrns/see-pattern-thumb.jpg,403,,https://www.myastrazeneca.ch/fr/startseite/therapiegebiete/cvrm/see-the-pattrns/home.html,,,,,0,,0,,,707,744,1040,0.2706,11,3,2,true,43,0,true,true,false,true,true,18,"title too long (82 chars, max 60) (§1.3) | keywords meta tag present — remove it (§1.9) | MISSING: BreadcrumbList schema on non-homepage (§2.3) | Heading hierarchy skipped: H1→H4 (skipped level) (§3.3) | 1 image link(s) without alt text (§7.4) | MISSING: og:title (§9.1) | MISSING: og:description (§9.2) | og:image not accessible (HTTP 403) (§9.3) | MISSING: og:type (§9.4) | MISSING: og:site_name (§9.4) | MISSING: twitter:card (§9.5) | MISSING: twitter:title (§9.5) | MISSING: twitter:description (§9.5) | MISSING: twitter:image (§9.5) | MISSING: twitter:site handle (§9.5) | CLS 0.2706 (max 0.1) (§10.4) | 3 image(s) missing alt attribute (§11.1) | 2 button(s) missing accessible label (§11.3)"
https://www.myastrazeneca.ch/fr/startseite/therapiegebiete/cvrm/see-the-pattrns/symptomes.html,https://www.myastrazeneca.ch/fr/startseite/therapiegebiete/cvrm/see-the-pattrns/symptomes.html,200,Symptômes de l’ATTR,19,,0,no,,https://www.myastrazeneca.ch/fr/startseite/therapiegebiete/cvrm/see-the-pattrns/symptomes.html,1,,false,,true,,0,,0,https://www.myastrazeneca.ch/,403,,https://www.myastrazeneca.ch/fr/startseite/therapiegebiete/cvrm/see-the-pattrns/symptomes.html,,,,,0,,0,,,965,1020,1020,0,18,1,2,true,44,0,true,true,true,true,true,19,"title too short (19 chars, min 50) (§1.3) | MISSING: meta description (§1.5) | MISSING: BreadcrumbList schema on non-homepage (§2.3) | Heading hierarchy skipped: H1→H3 (skipped level) (§3.3) | Heading hierarchy skipped: H3→H6 (skipped level) (§3.3) | MISSING: og:title (§9.1) | MISSING: og:description (§9.2) | og:image not accessible (HTTP 403) (§9.3) | MISSING: og:type (§9.4) | MISSING: og:site_name (§9.4) | MISSING: twitter:card (§9.5) | MISSING: twitter:title (§9.5) | MISSING: twitter:description (§9.5) | MISSING: twitter:image (§9.5) | MISSING: twitter:site handle (§9.5) | TTFB 965ms (max 800ms) (§10.5) | 1 image(s) missing alt attribute (§11.1) | 2 button(s) missing accessible label (§11.3) | horizontal scrolling on mobile (390px viewport) (§12.4)"
https://www.myastrazeneca.ch/fr/startseite/therapiegebiete/cvrm/see-the-pattrns/treatement.html,https://www.myastrazeneca.ch/fr/startseite/therapiegebiete/cvrm/see-the-pattrns/treatement.html,200,Traitement,10,,0,no,,https://www.myastrazeneca.ch/fr/startseite/therapiegebiete/cvrm/see-the-pattrns/treatement.html,1,,false,,true,,0,,0,https://www.myastrazeneca.ch/,403,,https://www.myastrazeneca.ch/fr/startseite/therapiegebiete/cvrm/see-the-pattrns/treatement.html,,,,,0,,0,,,829,884,1132,0.1981,10,1,2,true,40,0,true,true,false,true,true,18,"title too short (10 chars, min 50) (§1.3) | MISSING: meta description (§1.5) | MISSING: BreadcrumbList schema on non-homepage (§2.3) | Heading hierarchy skipped: H1→H3 (skipped level) (§3.3) | MISSING: og:title (§9.1) | MISSING: og:description (§9.2) | og:image not accessible (HTTP 403) (§9.3) | MISSING: og:type (§9.4) | MISSING: og:site_name (§9.4) | MISSING: twitter:card (§9.5) | MISSING: twitter:title (§9.5) | MISSING: twitter:description (§9.5) | MISSING: twitter:image (§9.5) | MISSING: twitter:site handle (§9.5) | TTFB 829ms (max 800ms) (§10.5) | CLS 0.1981 (max 0.1) (§10.4) | 1 image(s) missing alt attribute (§11.1) | 2 button(s) missing accessible label (§11.3)"
https://www.myastrazeneca.ch/fr/startseite/therapiegebiete/onkologie/brustkrebs.html,https://www.myastrazeneca.ch/fr/startseite/therapiegebiete/onkologie/brustkrebs.html,200,"Cancer Du Sein – Dépistage, Tumeurs Mammaires et Traitements | MyAstraZeneca",76,"Découvrez les faits clés sur le cancer du sein : symptômes, facteurs de risque, dépistage, diagnostic et options de traitement pour les professionnels de la santé.",163,YES (remove),,https://www.myastrazeneca.ch/fr/startseite/therapiegebiete/onkologie/brustkrebs.html,1,Cancer du sein,true,,true,,0,,0,https://www.myastrazeneca.ch//content/dam/intelligentcontent/portals/hcp/ch/en/home/therapy-areas/oncology/breast-cancer/brustkrebs-thumb.jpg,403,,https://www.myastrazeneca.ch/fr/startseite/therapiegebiete/onkologie/brustkrebs.html,,,,,0,,0,,,717,768,2040,0.1774,16,7,2,true,32,0,true,true,false,true,true,17,"title too long (76 chars, max 60) (§1.3) | description too long (163 chars, max 160) (§1.7) | keywords meta tag present — remove it (§1.9) | MISSING: BreadcrumbList schema on non-homepage (§2.3) | MISSING: og:title (§9.1) | MISSING: og:description (§9.2) | og:image not accessible (HTTP 403) (§9.3) | MISSING: og:type (§9.4) | MISSING: og:site_name (§9.4) | MISSING: twitter:card (§9.5) | MISSING: twitter:title (§9.5) | MISSING: twitter:description (§9.5) | MISSING: twitter:image (§9.5) | MISSING: twitter:site handle (§9.5) | CLS 0.1774 (max 0.1) (§10.4) | 7 image(s) missing alt attribute (§11.1) | 2 button(s) missing accessible label (§11.3)"
https://www.myastrazeneca.ch/fr/startseite/therapiegebiete/onkologie/eierstockkrebs.html,https://www.myastrazeneca.ch/fr/startseite/therapiegebiete/onkologie/eierstockkrebs.html,200,"Cancer de l’Ovaire – Carcinome épithélial, symptômes & prise en charge | MyAstraZeneca",86,"Découvrez le cancer de l’ovaire: facteurs de risque, symptômes, diagnostic et options de traitement pour les professionnels de la santé.",136,YES (remove),,https://www.myastrazeneca.ch/fr/startseite/therapiegebiete/onkologie/eierstockkrebs.html,1,Cancer de l’ovaire,false,,true,,0,,0,https://www.myastrazeneca.ch//content/dam/intelligentcontent/portals/hcp/ch/en/home/therapy-areas/oncology/ovarian-cancer/eierstockkrebs-thumb.jpg,403,,https://www.myastrazeneca.ch/fr/startseite/therapiegebiete/onkologie/eierstockkrebs.html,,,,,0,,0,,,840,896,1460,0.6135,19,9,2,true,34,0,true,true,false,true,true,20,"title too long (86 chars, max 60) (§1.3) | description too short (136 chars, min 140) (§1.7) | keywords meta tag present — remove it (§1.9) | MISSING: BreadcrumbList schema on non-homepage (§2.3) | Heading hierarchy skipped: H2→H4 (skipped level) (§3.3) | 1 image link(s) without alt text (§7.4) | MISSING: og:title (§9.1) | MISSING: og:description (§9.2) | og:image not accessible (HTTP 403) (§9.3) | MISSING: og:type (§9.4) | MISSING: og:site_name (§9.4) | MISSING: twitter:card (§9.5) | MISSING: twitter:title (§9.5) | MISSING: twitter:description (§9.5) | MISSING: twitter:image (§9.5) | MISSING: twitter:site handle (§9.5) | TTFB 840ms (max 800ms) (§10.5) | CLS 0.6135 (max 0.1) (§10.4) | 9 image(s) missing alt attribute (§11.1) | 2 button(s) missing accessible label (§11.3)"
https://www.myastrazeneca.ch/fr/startseite/therapiegebiete/onkologie/haematologie.html,https://www.myastrazeneca.ch/fr/startseite/therapiegebiete/onkologie/haematologie.html,200,"Hématologie - Leucémie Lymphoïde Chronique, Diagnostic et Traitement | MyAstraZeneca",84,"Découvrez la leucémie lymphoïde chronique: symptômes, facteurs de risque, diagnostic et options thérapeutiques pour les professionnels de la santé.",147,YES (remove),,https://www.myastrazeneca.ch/fr/startseite/therapiegebiete/onkologie/haematologie.html,1,Hématologie,false,,true,,0,,0,https://www.myastrazeneca.ch//content/dam/intelligentcontent/portals/hcp/ch/en/home/therapy-areas/oncology/haematology/haematologie-thumb.jpg,403,,https://www.myastrazeneca.ch/fr/startseite/therapiegebiete/onkologie/haematologie.html,,,,,0,,0,,,706,764,1260,0.6391,18,9,2,true,34,0,true,true,false,true,true,18,"title too long (84 chars, max 60) (§1.3) | keywords meta tag present — remove it (§1.9) | MISSING: BreadcrumbList schema on non-homepage (§2.3) | Heading hierarchy skipped: H2→H4 (skipped level) (§3.3) | 1 image link(s) without alt text (§7.4) | MISSING: og:title (§9.1) | MISSING: og:description (§9.2) | og:image not accessible (HTTP 403) (§9.3) | MISSING: og:type (§9.4) | MISSING: og:site_name (§9.4) | MISSING: twitter:card (§9.5) | MISSING: twitter:title (§9.5) | MISSING: twitter:description (§9.5) | MISSING: twitter:image (§9.5) | MISSING: twitter:site handle (§9.5) | CLS 0.6391 (max 0.1) (§10.4) | 9 image(s) missing alt attribute (§11.1) | 2 button(s) missing accessible label (§11.3)"
https://www.myastrazeneca.ch/fr/startseite/therapiegebiete/onkologie/leberkrebs.html,https://www.myastrazeneca.ch/fr/startseite/therapiegebiete/onkologie/leberkrebs.html,404,,0,,0,no,,,0,,,,,,0,,0,,,,,,,,,0,,0,,,,,,,,,,,,,,,,,,1,Page returned HTTP 404
https://www.myastrazeneca.ch/fr/startseite/therapiegebiete/onkologie/lungenkrebs.html,https://www.myastrazeneca.ch/fr/startseite/therapiegebiete/onkologie/lungenkrebs.html,200,"Cancer du poumon: Symptômes, Diagnostic et Traitements | MyAstraZeneca",70,"Découvrez le cancer du poumon : facteurs de risque, symptômes, diagnostic et options thérapeutiques pour les professionnels de la santé.",136,YES (remove),,https://www.myastrazeneca.ch/fr/startseite/therapiegebiete/onkologie/lungenkrebs.html,1,Cancer du poumon,false,,true,,0,,0,https://www.myastrazeneca.ch//content/dam/intelligentcontent/portals/hcp/ch/en/home/therapy-areas/oncology/lung-cancer/lungenkrebs-thumb.jpg,403,,https://www.myastrazeneca.ch/fr/startseite/therapiegebiete/onkologie/lungenkrebs.html,,,,,0,,0,,,701,764,1580,0.6442,19,9,2,true,34,0,true,true,false,true,true,19,"title too long (70 chars, max 60) (§1.3) | description too short (136 chars, min 140) (§1.7) | keywords meta tag present — remove it (§1.9) | MISSING: BreadcrumbList schema on non-homepage (§2.3) | Heading hierarchy skipped: H2→H4 (skipped level) (§3.3) | 1 image link(s) without alt text (§7.4) | MISSING: og:title (§9.1) | MISSING: og:description (§9.2) | og:image not accessible (HTTP 403) (§9.3) | MISSING: og:type (§9.4) | MISSING: og:site_name (§9.4) | MISSING: twitter:card (§9.5) | MISSING: twitter:title (§9.5) | MISSING: twitter:description (§9.5) | MISSING: twitter:image (§9.5) | MISSING: twitter:site handle (§9.5) | CLS 0.6442 (max 0.1) (§10.4) | 9 image(s) missing alt attribute (§11.1) | 2 button(s) missing accessible label (§11.3)"
https://www.myastrazeneca.ch/fr/startseite/therapiegebiete/onkologie/prostata.html,https://www.myastrazeneca.ch/fr/startseite/therapiegebiete/onkologie/prostata.html,200,Prostate: Comprendre son importance et les troubles associés | MyAstraZeneca,76,"Apprenez les bases de la prostate, ses fonctions et ses troubles courants, à l'intention des professionnels de la santé. Accéder au PDF sur la prostate.",152,YES (remove),,https://www.myastrazeneca.ch/fr/startseite/therapiegebiete/onkologie/prostata.html,1,Prostate,true,,true,,0,,0,https://www.myastrazeneca.ch//content/dam/intelligentcontent/portals/hcp/ch/de/home/therapiegebiete/oncology/prostata/prostate-thumb.jpg,403,,https://www.myastrazeneca.ch/fr/startseite/therapiegebiete/onkologie/prostata.html,,,,,0,,0,,,586,624,1124,0.1958,6,1,2,true,32,0,true,true,false,true,true,16,"title too long (76 chars, max 60) (§1.3) | keywords meta tag present — remove it (§1.9) | MISSING: BreadcrumbList schema on non-homepage (§2.3) | MISSING: og:title (§9.1) | MISSING: og:description (§9.2) | og:image not accessible (HTTP 403) (§9.3) | MISSING: og:type (§9.4) | MISSING: og:site_name (§9.4) | MISSING: twitter:card (§9.5) | MISSING: twitter:title (§9.5) | MISSING: twitter:description (§9.5) | MISSING: twitter:image (§9.5) | MISSING: twitter:site handle (§9.5) | CLS 0.1958 (max 0.1) (§10.4) | 1 image(s) missing alt attribute (§11.1) | 2 button(s) missing accessible label (§11.3)"
https://www.myastrazeneca.ch/fr/startseite/therapiegebiete/ri/asthma.html,https://www.myastrazeneca.ch/fr/startseite/therapiegebiete/ri/asthma.html,200,"Asthme: Symptômes, Diagnostic et Traitements | MyAstraZeneca",60,"En savoir plus sur la prévalence, les symptômes, le diagnostic et les options thérapeutiques de l’asthme, y compris les traitements pour formes sévères, pour les professionnels de la santé.",189,YES (remove),,https://www.myastrazeneca.ch/fr/startseite/therapiegebiete/ri/asthma.html,1,Asthme,false,,true,,0,,0,https://www.myastrazeneca.ch//content/dam/intelligentcontent/portals/hcp/ch/en/home/therapy-areas/r-and-i/asthma/ri-asthma-thumb.jpg,403,,https://www.myastrazeneca.ch/fr/startseite/therapiegebiete/ri/asthma.html,,,,,0,,0,,,1326,1752,3364,0.716,19,3,2,true,34,0,true,true,false,true,true,20,"description too long (189 chars, max 160) (§1.7) | keywords meta tag present — remove it (§1.9) | MISSING: BreadcrumbList schema on non-homepage (§2.3) | Heading hierarchy skipped: H2→H4 (skipped level) (§3.3) | 1 image link(s) without alt text (§7.4) | MISSING: og:title (§9.1) | MISSING: og:description (§9.2) | og:image not accessible (HTTP 403) (§9.3) | MISSING: og:type (§9.4) | MISSING: og:site_name (§9.4) | MISSING: twitter:card (§9.5) | MISSING: twitter:title (§9.5) | MISSING: twitter:description (§9.5) | MISSING: twitter:image (§9.5) | MISSING: twitter:site handle (§9.5) | TTFB 1326ms (max 800ms) (§10.5) | LCP 3364ms (max 2500ms) (§10.1) | CLS 0.716 (max 0.1) (§10.4) | 3 image(s) missing alt attribute (§11.1) | 2 button(s) missing accessible label (§11.3)"
https://www.myastrazeneca.ch/fr/startseite/therapiegebiete/ri/copd.html,https://www.myastrazeneca.ch/fr/startseite/therapiegebiete/ri/copd.html,200,"BPCO - Symptômes, diagnostic et prise en charge",47,"En savoir plus sur la bronchopneumopathie chronique obstructive (BPCO) : ses causes, ses symptômes, les approches thérapeutiques actuelles et des informations cliniques importantes pour les proches et les professionnels de la santé.",232,YES (remove),,https://www.myastrazeneca.ch/fr/startseite/therapiegebiete/ri/copd.html,1,"Bronchopneumopathie 
chronique obstructive",false,,true,,0,,0,https://www.myastrazeneca.ch//content/dam/intelligentcontent/portals/hcp/ch/en/home/therapy-areas/r-and-i/chronic-obstructive-pulmonary-disease/copd-thumb.jpg,403,,https://www.myastrazeneca.ch/fr/startseite/therapiegebiete/ri/copd.html,,,,,0,,0,,,1945,2064,4544,0.2117,33,7,4,true,37,0,true,true,false,true,true,23,"title too short (47 chars, min 50) (§1.3) | description too long (232 chars, max 160) (§1.7) | keywords meta tag present — remove it (§1.9) | MISSING: BreadcrumbList schema on non-homepage (§2.3) | Heading hierarchy skipped: H2→H4 (skipped level) (§3.3) | Heading hierarchy skipped: H2→H4 (skipped level) (§3.3) | Heading hierarchy skipped: H2→H4 (skipped level) (§3.3) | MISSING: og:title (§9.1) | MISSING: og:description (§9.2) | og:image not accessible (HTTP 403) (§9.3) | MISSING: og:type (§9.4) | MISSING: og:site_name (§9.4) | MISSING: twitter:card (§9.5) | MISSING: twitter:title (§9.5) | MISSING: twitter:description (§9.5) | MISSING: twitter:image (§9.5) | MISSING: twitter:site handle (§9.5) | TTFB 1945ms (max 800ms) (§10.5) | FCP 2064ms (max 1800ms) (§10.2) | LCP 4544ms (max 2500ms) (§10.1) | CLS 0.2117 (max 0.1) (§10.4) | 7 image(s) missing alt attribute (§11.1) | 4 button(s) missing accessible label (§11.3)"
https://www.myastrazeneca.ch/fr/startseite/therapiegebiete/ri/lupus.html,https://www.myastrazeneca.ch/fr/startseite/therapiegebiete/ri/lupus.html,403,,0,,0,no,,,0,,,,,,0,,0,,,,,,,,,0,,0,,,,,,,,,,,,,,,,,,1,Page returned HTTP 403
https://www.myastrazeneca.ch/it/startseite.html,https://www.myastrazeneca.ch/it/startseite.html,200,Portale informativo per gli operatori sanitari | MyAstraZeneca,62,"Ottenete informazioni aggiornate sulle aree terapeutiche, le indicazioni e le informazioni sui prodotti per gli operatori sanitari.",131,YES (remove),,https://www.myastrazeneca.ch/it/startseite.html,1,Benvenuto in myAstraZeneca!,true,,true,,0,,0,https://www.myastrazeneca.ch//content/dam/intelligentcontent/portals/hcp/ch/en/home/home-thumb.jpg,403,,https://www.myastrazeneca.ch/it/startseite.html,,,,,0,,0,,,674,736,1156,0.2092,12,2,2,true,51,0,true,true,false,true,true,18,"title too long (62 chars, max 60) (§1.3) | description too short (131 chars, min 140) (§1.7) | keywords meta tag present — remove it (§1.9) | MISSING: BreadcrumbList schema on non-homepage (§2.3) | 1 image link(s) without alt text (§7.4) | MISSING: og:title (§9.1) | MISSING: og:description (§9.2) | og:image not accessible (HTTP 403) (§9.3) | MISSING: og:type (§9.4) | MISSING: og:site_name (§9.4) | MISSING: twitter:card (§9.5) | MISSING: twitter:title (§9.5) | MISSING: twitter:description (§9.5) | MISSING: twitter:image (§9.5) | MISSING: twitter:site handle (§9.5) | CLS 0.2092 (max 0.1) (§10.4) | 2 image(s) missing alt attribute (§11.1) | 2 button(s) missing accessible label (§11.3)"
https://www.myastrazeneca.ch/it/startseite/contact-us.html,https://www.myastrazeneca.ch/it/startseite/contact-us.html,403,,0,,0,no,,,0,,,,,,0,,0,,,,,,,,,0,,0,,,,,,,,,,,,,,,,,,1,Page returned HTTP 403
https://www.myastrazeneca.ch/it/startseite/produkte.html,https://www.myastrazeneca.ch/it/startseite/produkte.html,403,,0,,0,no,,,0,,,,,,0,,0,,,,,,,,,0,,0,,,,,,,,,,,,,,,,,,1,Page returned HTTP 403
https://www.myastrazeneca.ch/it/startseite/therapiegebiete/cvrm/chronischeniereninsuffizienz.html,https://www.myastrazeneca.ch/it/startseite/therapiegebiete/cvrm/chronischeniereninsuffizienz.html,200,Comprendere l'insufficienza renale cronica | AstraZeneca,56,"Scopri le cause, i sintomi e i trattamenti principali della malattia renale cronica e perché è importante una diagnosi precoce.",127,YES (remove),,https://www.myastrazeneca.ch/it/startseite/therapiegebiete/cvrm/chronischeniereninsuffizienz.html,1,Insufficienza renale cronica,false,,true,,0,,0,https://www.myastrazeneca.ch//content/dam/intelligentcontent/portals/hcp/ch/en/home/therapy-areas/cvrm/chronic-kidney-disease/chronischeniereninsuffizienz-thumb.jpg,403,,https://www.myastrazeneca.ch/it/startseite/therapiegebiete/cvrm/chronischeniereninsuffizienz.html,,,,,0,,0,,,819,880,1720,0.7016,19,2,2,true,42,0,true,true,false,true,true,19,"description too short (127 chars, min 140) (§1.7) | keywords meta tag present — remove it (§1.9) | MISSING: BreadcrumbList schema on non-homepage (§2.3) | Heading hierarchy skipped: H2→H4 (skipped level) (§3.3) | 1 image link(s) without alt text (§7.4) | MISSING: og:title (§9.1) | MISSING: og:description (§9.2) | og:image not accessible (HTTP 403) (§9.3) | MISSING: og:type (§9.4) | MISSING: og:site_name (§9.4) | MISSING: twitter:card (§9.5) | MISSING: twitter:title (§9.5) | MISSING: twitter:description (§9.5) | MISSING: twitter:image (§9.5) | MISSING: twitter:site handle (§9.5) | TTFB 819ms (max 800ms) (§10.5) | CLS 0.7016 (max 0.1) (§10.4) | 2 image(s) missing alt attribute (§11.1) | 2 button(s) missing accessible label (§11.3)"
https://www.myastrazeneca.ch/it/startseite/therapiegebiete/cvrm/diabetes.html,https://www.myastrazeneca.ch/it/startseite/therapiegebiete/cvrm/diabetes.html,200,Informazioni chiave sul diabete mellito,39,"Ottieni informazioni sui fattori di rischio del diabete, sulla diagnosi e sulle terapie che aiutano a proteggere la salute del cuore e dei reni.",144,YES (remove),,https://www.myastrazeneca.ch/it/startseite/therapiegebiete/cvrm/diabetes.html,1,Diabete,false,,true,,0,,0,https://www.myastrazeneca.ch//content/dam/intelligentcontent/portals/hcp/ch/en/home/therapy-areas/cvrm/diabetes/diabetes-thumb.jpg,403,,https://www.myastrazeneca.ch/it/startseite/therapiegebiete/cvrm/diabetes.html,,,,,0,,0,,,748,808,1468,0.6382,19,9,2,true,42,0,true,true,false,true,true,18,"title too short (39 chars, min 50) (§1.3) | keywords meta tag present — remove it (§1.9) | MISSING: BreadcrumbList schema on non-homepage (§2.3) | Heading hierarchy skipped: H2→H4 (skipped level) (§3.3) | 1 image link(s) without alt text (§7.4) | MISSING: og:title (§9.1) | MISSING: og:description (§9.2) | og:image not accessible (HTTP 403) (§9.3) | MISSING: og:type (§9.4) | MISSING: og:site_name (§9.4) | MISSING: twitter:card (§9.5) | MISSING: twitter:title (§9.5) | MISSING: twitter:description (§9.5) | MISSING: twitter:image (§9.5) | MISSING: twitter:site handle (§9.5) | CLS 0.6382 (max 0.1) (§10.4) | 9 image(s) missing alt attribute (§11.1) | 2 button(s) missing accessible label (§11.3)"
https://www.myastrazeneca.ch/it/startseite/therapiegebiete/cvrm/herzinsuffizienz.html,https://www.myastrazeneca.ch/it/startseite/therapiegebiete/cvrm/herzinsuffizienz.html,200,"Insufficienza Cardiaca Cronica: Sintomi, Diagnosi, E Trattamento | AstraZeneca",78,"Scopri l'insufficienza cardiaca, cos'è, quali sono i sintomi più comuni, come viene diagnosticata e le opzioni di trattamento disponibili con gli operatori sanitari.",165,YES (remove),,https://www.myastrazeneca.ch/it/startseite/therapiegebiete/cvrm/herzinsuffizienz.html,1,Insufficienza cardiaca cronica,false,,true,,0,,0,https://www.myastrazeneca.ch//content/dam/intelligentcontent/portals/hcp/ch/en/home/therapy-areas/cvrm/heart-failure/herzinsuffizienz-thumb.jpg,403,,https://www.myastrazeneca.ch/it/startseite/therapiegebiete/cvrm/herzinsuffizienz.html,,,,,0,,0,,,729,788,1508,0.1967,19,9,2,true,42,0,true,true,false,true,true,19,"title too long (78 chars, max 60) (§1.3) | description too long (165 chars, max 160) (§1.7) | keywords meta tag present — remove it (§1.9) | MISSING: BreadcrumbList schema on non-homepage (§2.3) | Heading hierarchy skipped: H2→H4 (skipped level) (§3.3) | 1 image link(s) without alt text (§7.4) | MISSING: og:title (§9.1) | MISSING: og:description (§9.2) | og:image not accessible (HTTP 403) (§9.3) | MISSING: og:type (§9.4) | MISSING: og:site_name (§9.4) | MISSING: twitter:card (§9.5) | MISSING: twitter:title (§9.5) | MISSING: twitter:description (§9.5) | MISSING: twitter:image (§9.5) | MISSING: twitter:site handle (§9.5) | CLS 0.1967 (max 0.1) (§10.4) | 9 image(s) missing alt attribute (§11.1) | 2 button(s) missing accessible label (§11.3)"
https://www.myastrazeneca.ch/it/startseite/therapiegebiete/cvrm/see-the-pattrns/about-amylodosis-attr.html,https://www.myastrazeneca.ch/it/startseite/therapiegebiete/cvrm/see-the-pattrns/about-amylodosis-attr.html,200,L’amiloidosi ATTR,17,,0,no,,https://www.myastrazeneca.ch/it/startseite/therapiegebiete/cvrm/see-the-pattrns/about-amylodosis-attr.html,1,,false,,true,,0,,0,https://www.myastrazeneca.ch/,403,,https://www.myastrazeneca.ch/it/startseite/therapiegebiete/cvrm/see-the-pattrns/about-amylodosis-attr.html,,,,,0,,0,,,1165,1216,1596,0.1553,23,1,2,true,54,0,true,true,false,true,true,18,"title too short (17 chars, min 50) (§1.3) | MISSING: meta description (§1.5) | MISSING: BreadcrumbList schema on non-homepage (§2.3) | Heading hierarchy skipped: H1→H3 (skipped level) (§3.3) | MISSING: og:title (§9.1) | MISSING: og:description (§9.2) | og:image not accessible (HTTP 403) (§9.3) | MISSING: og:type (§9.4) | MISSING: og:site_name (§9.4) | MISSING: twitter:card (§9.5) | MISSING: twitter:title (§9.5) | MISSING: twitter:description (§9.5) | MISSING: twitter:image (§9.5) | MISSING: twitter:site handle (§9.5) | TTFB 1165ms (max 800ms) (§10.5) | CLS 0.1553 (max 0.1) (§10.4) | 1 image(s) missing alt attribute (§11.1) | 2 button(s) missing accessible label (§11.3)"
https://www.myastrazeneca.ch/it/startseite/therapiegebiete/cvrm/see-the-pattrns/diagnosis.html,https://www.myastrazeneca.ch/it/startseite/therapiegebiete/cvrm/see-the-pattrns/diagnosis.html,200,Diagnosi,8,,0,no,,https://www.myastrazeneca.ch/it/startseite/therapiegebiete/cvrm/see-the-pattrns/diagnosis.html,1,,false,,true,,0,,0,https://www.myastrazeneca.ch/,403,,https://www.myastrazeneca.ch/it/startseite/therapiegebiete/cvrm/see-the-pattrns/diagnosis.html,,,,,0,,0,,,1101,1152,1968,0.1573,12,1,2,true,52,0,true,true,false,true,true,18,"title too short (8 chars, min 50) (§1.3) | MISSING: meta description (§1.5) | MISSING: BreadcrumbList schema on non-homepage (§2.3) | Heading hierarchy skipped: H1→H3 (skipped level) (§3.3) | MISSING: og:title (§9.1) | MISSING: og:description (§9.2) | og:image not accessible (HTTP 403) (§9.3) | MISSING: og:type (§9.4) | MISSING: og:site_name (§9.4) | MISSING: twitter:card (§9.5) | MISSING: twitter:title (§9.5) | MISSING: twitter:description (§9.5) | MISSING: twitter:image (§9.5) | MISSING: twitter:site handle (§9.5) | TTFB 1101ms (max 800ms) (§10.5) | CLS 0.1573 (max 0.1) (§10.4) | 1 image(s) missing alt attribute (§11.1) | 2 button(s) missing accessible label (§11.3)"
https://www.myastrazeneca.ch/it/startseite/therapiegebiete/cvrm/see-the-pattrns/home.html,https://www.myastrazeneca.ch/it/startseite/therapiegebiete/cvrm/see-the-pattrns/home.html,200,Home,4,,0,YES (remove),,https://www.myastrazeneca.ch/it/startseite/therapiegebiete/cvrm/see-the-pattrns/home.html,1,,false,,true,,0,,0,https://www.myastrazeneca.ch//content/dam/intelligentcontent/portals/hcp/ch/it/home/therapiegebiete/cvrm/pattrns/see-pattern-thumb.jpg,403,,https://www.myastrazeneca.ch/it/startseite/therapiegebiete/cvrm/see-the-pattrns/home.html,,,,,0,,0,,,743,784,1176,0.4279,11,3,2,true,51,0,true,true,false,true,true,20,"title too short (4 chars, min 50) (§1.3) | MISSING: meta description (§1.5) | keywords meta tag present — remove it (§1.9) | MISSING: BreadcrumbList schema on non-homepage (§2.3) | Heading hierarchy skipped: H1→H4 (skipped level) (§3.3) | Heading hierarchy skipped: H4→H6 (skipped level) (§3.3) | 1 image link(s) without alt text (§7.4) | MISSING: og:title (§9.1) | MISSING: og:description (§9.2) | og:image not accessible (HTTP 403) (§9.3) | MISSING: og:type (§9.4) | MISSING: og:site_name (§9.4) | MISSING: twitter:card (§9.5) | MISSING: twitter:title (§9.5) | MISSING: twitter:description (§9.5) | MISSING: twitter:image (§9.5) | MISSING: twitter:site handle (§9.5) | CLS 0.4279 (max 0.1) (§10.4) | 3 image(s) missing alt attribute (§11.1) | 2 button(s) missing accessible label (§11.3)"
https://www.myastrazeneca.ch/it/startseite/therapiegebiete/cvrm/see-the-pattrns/symptomes.html,https://www.myastrazeneca.ch/it/startseite/therapiegebiete/cvrm/see-the-pattrns/symptomes.html,200,Sintomi,7,,0,no,,https://www.myastrazeneca.ch/it/startseite/therapiegebiete/cvrm/see-the-pattrns/symptomes.html,1,,false,,true,,0,,0,https://www.myastrazeneca.ch/,403,,https://www.myastrazeneca.ch/it/startseite/therapiegebiete/cvrm/see-the-pattrns/symptomes.html,,,,,0,,0,,,873,940,2544,0.4314,18,1,2,true,52,0,true,true,false,true,true,19,"title too short (7 chars, min 50) (§1.3) | MISSING: meta description (§1.5) | MISSING: BreadcrumbList schema on non-homepage (§2.3) | Heading hierarchy skipped: H1→H3 (skipped level) (§3.3) | MISSING: og:title (§9.1) | MISSING: og:description (§9.2) | og:image not accessible (HTTP 403) (§9.3) | MISSING: og:type (§9.4) | MISSING: og:site_name (§9.4) | MISSING: twitter:card (§9.5) | MISSING: twitter:title (§9.5) | MISSING: twitter:description (§9.5) | MISSING: twitter:image (§9.5) | MISSING: twitter:site handle (§9.5) | TTFB 873ms (max 800ms) (§10.5) | LCP 2544ms (max 2500ms) (§10.1) | CLS 0.4314 (max 0.1) (§10.4) | 1 image(s) missing alt attribute (§11.1) | 2 button(s) missing accessible label (§11.3)"
https://www.myastrazeneca.ch/it/startseite/therapiegebiete/cvrm/see-the-pattrns/treatement.html,https://www.myastrazeneca.ch/it/startseite/therapiegebiete/cvrm/see-the-pattrns/treatement.html,200,Trattamento,11,,0,no,,https://www.myastrazeneca.ch/it/startseite/therapiegebiete/cvrm/see-the-pattrns/treatement.html,1,,false,,true,,0,,0,https://www.myastrazeneca.ch/,403,,https://www.myastrazeneca.ch/it/startseite/therapiegebiete/cvrm/see-the-pattrns/treatement.html,,,,,0,,0,,,1910,1960,2276,0.2043,10,1,2,true,48,0,true,true,false,true,true,19,"title too short (11 chars, min 50) (§1.3) | MISSING: meta description (§1.5) | MISSING: BreadcrumbList schema on non-homepage (§2.3) | Heading hierarchy skipped: H1→H3 (skipped level) (§3.3) | MISSING: og:title (§9.1) | MISSING: og:description (§9.2) | og:image not accessible (HTTP 403) (§9.3) | MISSING: og:type (§9.4) | MISSING: og:site_name (§9.4) | MISSING: twitter:card (§9.5) | MISSING: twitter:title (§9.5) | MISSING: twitter:description (§9.5) | MISSING: twitter:image (§9.5) | MISSING: twitter:site handle (§9.5) | TTFB 1910ms (max 800ms) (§10.5) | FCP 1960ms (max 1800ms) (§10.2) | CLS 0.2043 (max 0.1) (§10.4) | 1 image(s) missing alt attribute (§11.1) | 2 button(s) missing accessible label (§11.3)"
https://www.myastrazeneca.ch/it/startseite/therapiegebiete/onkologie/brustkrebs.html,https://www.myastrazeneca.ch/it/startseite/therapiegebiete/onkologie/brustkrebs.html,200,"Cancro Al Seno: Sintomi, Diagnosi, E Trattamento | AstraZeneca",62,"Scopri Cancro al seno, cos'è, quali sono i sintomi più comuni, come viene diagnosticata e le opzioni di trattamento disponibili con gli operatori sanitari.",155,YES (remove),,https://www.myastrazeneca.ch/it/startseite/therapiegebiete/onkologie/brustkrebs.html,1,Cancro al seno,true,,true,,0,,0,https://www.myastrazeneca.ch//content/dam/intelligentcontent/portals/hcp/ch/en/home/therapy-areas/oncology/breast-cancer/brustkrebs-thumb.jpg,403,,https://www.myastrazeneca.ch/it/startseite/therapiegebiete/onkologie/brustkrebs.html,,,,,0,,0,,,999,1060,1584,0.2676,16,7,2,true,40,0,true,true,false,true,true,17,"title too long (62 chars, max 60) (§1.3) | keywords meta tag present — remove it (§1.9) | MISSING: BreadcrumbList schema on non-homepage (§2.3) | MISSING: og:title (§9.1) | MISSING: og:description (§9.2) | og:image not accessible (HTTP 403) (§9.3) | MISSING: og:type (§9.4) | MISSING: og:site_name (§9.4) | MISSING: twitter:card (§9.5) | MISSING: twitter:title (§9.5) | MISSING: twitter:description (§9.5) | MISSING: twitter:image (§9.5) | MISSING: twitter:site handle (§9.5) | TTFB 999ms (max 800ms) (§10.5) | CLS 0.2676 (max 0.1) (§10.4) | 7 image(s) missing alt attribute (§11.1) | 2 button(s) missing accessible label (§11.3)"
https://www.myastrazeneca.ch/it/startseite/therapiegebiete/onkologie/eierstockkrebs.html,https://www.myastrazeneca.ch/it/startseite/therapiegebiete/onkologie/eierstockkrebs.html,403,,0,,0,no,,,0,,,,,,0,,0,,,,,,,,,0,,0,,,,,,,,,,,,,,,,,,1,Page returned HTTP 403
https://www.myastrazeneca.ch/it/startseite/therapiegebiete/onkologie/haematologie.html,https://www.myastrazeneca.ch/it/startseite/therapiegebiete/onkologie/haematologie.html,200,"Leucemia linfocitica cronica (LLC) in ematologia: sintomi, diagnosi e trattamento | AstraZeneca",95,"Scopri Leucemia linfatica cronica (LLC), cos'è, quali sono i sintomi più comuni, come viene diagnosticata e le opzioni di trattamento disponibili con gli operatori sanitari.",173,YES (remove),,https://www.myastrazeneca.ch/it/startseite/therapiegebiete/onkologie/haematologie.html,1,Ematologia,false,,true,,0,,0,https://www.myastrazeneca.ch//content/dam/intelligentcontent/portals/hcp/ch/en/home/therapy-areas/oncology/haematology/haematologie-thumb.jpg,403,,https://www.myastrazeneca.ch/it/startseite/therapiegebiete/onkologie/haematologie.html,,,,,0,,0,,,1058,1160,1684,0.6919,19,2,2,true,42,0,true,true,false,true,true,20,"title too long (95 chars, max 60) (§1.3) | description too long (173 chars, max 160) (§1.7) | keywords meta tag present — remove it (§1.9) | MISSING: BreadcrumbList schema on non-homepage (§2.3) | Heading hierarchy skipped: H2→H4 (skipped level) (§3.3) | 1 image link(s) without alt text (§7.4) | MISSING: og:title (§9.1) | MISSING: og:description (§9.2) | og:image not accessible (HTTP 403) (§9.3) | MISSING: og:type (§9.4) | MISSING: og:site_name (§9.4) | MISSING: twitter:card (§9.5) | MISSING: twitter:title (§9.5) | MISSING: twitter:description (§9.5) | MISSING: twitter:image (§9.5) | MISSING: twitter:site handle (§9.5) | TTFB 1058ms (max 800ms) (§10.5) | CLS 0.6919 (max 0.1) (§10.4) | 2 image(s) missing alt attribute (§11.1) | 2 button(s) missing accessible label (§11.3)"
https://www.myastrazeneca.ch/it/startseite/therapiegebiete/onkologie/leberkrebs.html,https://www.myastrazeneca.ch/it/startseite/therapiegebiete/onkologie/leberkrebs.html,404,,0,,0,no,,,0,,,,,,0,,0,,,,,,,,,0,,0,,,,,,,,,,,,,,,,,,1,Page returned HTTP 404
https://www.myastrazeneca.ch/it/startseite/therapiegebiete/onkologie/lungenkrebs.html,https://www.myastrazeneca.ch/it/startseite/therapiegebiete/onkologie/lungenkrebs.html,200,"Cancro del polmone: Sintomi, Diagnosi, e Trattamento | AstraZeneca",66,"Scopri Cancro del polmone, cos'è, quali sono i sintomi più comuni, come viene diagnosticata e le opzioni di trattamento disponibili con gli operatori sanitari.",159,YES (remove),,https://www.myastrazeneca.ch/it/startseite/therapiegebiete/onkologie/lungenkrebs.html,1,Cancro del polmone,false,,true,,0,,0,https://www.myastrazeneca.ch//content/dam/intelligentcontent/portals/hcp/ch/en/home/therapy-areas/oncology/lung-cancer/lungenkrebs-thumb.jpg,403,,https://www.myastrazeneca.ch/it/startseite/therapiegebiete/onkologie/lungenkrebs.html,,,,,0,,0,,,734,792,1352,0.207,19,2,2,true,42,0,true,true,false,true,true,18,"title too long (66 chars, max 60) (§1.3) | keywords meta tag present — remove it (§1.9) | MISSING: BreadcrumbList schema on non-homepage (§2.3) | Heading hierarchy skipped: H2→H4 (skipped level) (§3.3) | 1 image link(s) without alt text (§7.4) | MISSING: og:title (§9.1) | MISSING: og:description (§9.2) | og:image not accessible (HTTP 403) (§9.3) | MISSING: og:type (§9.4) | MISSING: og:site_name (§9.4) | MISSING: twitter:card (§9.5) | MISSING: twitter:title (§9.5) | MISSING: twitter:description (§9.5) | MISSING: twitter:image (§9.5) | MISSING: twitter:site handle (§9.5) | CLS 0.207 (max 0.1) (§10.4) | 2 image(s) missing alt attribute (§11.1) | 2 button(s) missing accessible label (§11.3)"
https://www.myastrazeneca.ch/it/startseite/therapiegebiete/onkologie/prostata.html,https://www.myastrazeneca.ch/it/startseite/therapiegebiete/onkologie/prostata.html,200,Prostata: Comprendere la sua importanza e i disturbi associati | MyAstraZeneca,78,"Scoprite le nozioni di base sulla prostata, le sue funzioni e i suoi disturbi più comuni, studiate per gli operatori sanitari. Accedere al PDF sulla ghiandola prostatica.",170,YES (remove),,https://www.myastrazeneca.ch/it/startseite/therapiegebiete/onkologie/prostata.html,1,Prostata,true,,true,,0,,0,https://www.myastrazeneca.ch//content/dam/intelligentcontent/portals/hcp/ch/de/home/therapiegebiete/oncology/prostata/prostate-thumb.jpg,403,,https://www.myastrazeneca.ch/it/startseite/therapiegebiete/onkologie/prostata.html,,,,,0,,0,,,1034,1072,1540,0.1949,6,1,2,true,40,0,true,true,false,true,true,18,"title too long (78 chars, max 60) (§1.3) | description too long (170 chars, max 160) (§1.7) | keywords meta tag present — remove it (§1.9) | MISSING: BreadcrumbList schema on non-homepage (§2.3) | MISSING: og:title (§9.1) | MISSING: og:description (§9.2) | og:image not accessible (HTTP 403) (§9.3) | MISSING: og:type (§9.4) | MISSING: og:site_name (§9.4) | MISSING: twitter:card (§9.5) | MISSING: twitter:title (§9.5) | MISSING: twitter:description (§9.5) | MISSING: twitter:image (§9.5) | MISSING: twitter:site handle (§9.5) | TTFB 1034ms (max 800ms) (§10.5) | CLS 0.1949 (max 0.1) (§10.4) | 1 image(s) missing alt attribute (§11.1) | 2 button(s) missing accessible label (§11.3)"
https://www.myastrazeneca.ch/it/startseite/therapiegebiete/ri/asthma.html,https://www.myastrazeneca.ch/it/startseite/therapiegebiete/ri/asthma.html,200,Asma,4,Accesso rapido alle informazioni sull’area terapeutica dedicata all’asma.,73,YES (remove),,https://www.myastrazeneca.ch/it/startseite/therapiegebiete/ri/asthma.html,1,Asma,false,,true,,0,,0,https://www.myastrazeneca.ch//content/dam/intelligentcontent/portals/hcp/ch/en/home/therapy-areas/r-and-i/asthma/ri-asthma-thumb.jpg,403,,https://www.myastrazeneca.ch/it/startseite/therapiegebiete/ri/asthma.html,,,,,0,,0,,,1284,1344,2264,0.6293,19,9,2,true,42,0,true,true,false,true,true,20,"title too short (4 chars, min 50) (§1.3) | description too short (73 chars, min 140) (§1.7) | keywords meta tag present — remove it (§1.9) | MISSING: BreadcrumbList schema on non-homepage (§2.3) | Heading hierarchy skipped: H2→H4 (skipped level) (§3.3) | 1 image link(s) without alt text (§7.4) | MISSING: og:title (§9.1) | MISSING: og:description (§9.2) | og:image not accessible (HTTP 403) (§9.3) | MISSING: og:type (§9.4) | MISSING: og:site_name (§9.4) | MISSING: twitter:card (§9.5) | MISSING: twitter:title (§9.5) | MISSING: twitter:description (§9.5) | MISSING: twitter:image (§9.5) | MISSING: twitter:site handle (§9.5) | TTFB 1284ms (max 800ms) (§10.5) | CLS 0.6293 (max 0.1) (§10.4) | 9 image(s) missing alt attribute (§11.1) | 2 button(s) missing accessible label (§11.3)"
https://www.myastrazeneca.ch/it/startseite/therapiegebiete/ri/copd.html,https://www.myastrazeneca.ch/it/startseite/therapiegebiete/ri/copd.html,200,"BPCO - Sintomi, diagnosi e trattamento",38,"Scopra di più sulla broncopneumopatia cronica ostruttiva (BPCO): le sue cause, i suoi sintomi, le attuali strategie terapeutiche e importanti informazioni cliniche per i professionisti della salute.",198,YES (remove),,https://www.myastrazeneca.ch/it/startseite/therapiegebiete/ri/copd.html,1,"Broncopneumopatia
cronica ostruttiva",false,,true,,0,,0,https://www.myastrazeneca.ch//content/dam/intelligentcontent/portals/hcp/ch/en/home/therapy-areas/r-and-i/chronic-obstructive-pulmonary-disease/copd-thumb.jpg,403,,https://www.myastrazeneca.ch/it/startseite/therapiegebiete/ri/copd.html,,,,,0,,0,,,1650,1704,2532,0.222,33,8,4,true,45,0,true,true,false,true,true,22,"title too short (38 chars, min 50) (§1.3) | description too long (198 chars, max 160) (§1.7) | keywords meta tag present — remove it (§1.9) | MISSING: BreadcrumbList schema on non-homepage (§2.3) | Heading hierarchy skipped: H2→H4 (skipped level) (§3.3) | Heading hierarchy skipped: H2→H4 (skipped level) (§3.3) | Heading hierarchy skipped: H2→H4 (skipped level) (§3.3) | MISSING: og:title (§9.1) | MISSING: og:description (§9.2) | og:image not accessible (HTTP 403) (§9.3) | MISSING: og:type (§9.4) | MISSING: og:site_name (§9.4) | MISSING: twitter:card (§9.5) | MISSING: twitter:title (§9.5) | MISSING: twitter:description (§9.5) | MISSING: twitter:image (§9.5) | MISSING: twitter:site handle (§9.5) | TTFB 1650ms (max 800ms) (§10.5) | LCP 2532ms (max 2500ms) (§10.1) | CLS 0.222 (max 0.1) (§10.4) | 8 image(s) missing alt attribute (§11.1) | 4 button(s) missing accessible label (§11.3)"
https://www.myastrazeneca.ch/it/startseite/therapiegebiete/ri/lupus.html,https://www.myastrazeneca.ch/it/startseite/therapiegebiete/ri/lupus.html,200,Lupus,5,Scoprite informazioni essenziali sulla nostra area terapeutica dedicata al lupus.,81,YES (remove),,https://www.myastrazeneca.ch/it/startseite/therapiegebiete/ri/lupus.html,1,Lupus eritematoso sistemico,false,,true,,0,,0,https://www.myastrazeneca.ch//content/dam/intelligentcontent/portals/hcp/ch/en/home/therapy-areas/r-and-i/systematischer-lupus-erythematodes/lupus-thumb.jpg,403,,https://www.myastrazeneca.ch/it/startseite/therapiegebiete/ri/lupus.html,,,,,0,,0,,,893,940,1836,0.7108,19,9,2,true,42,0,true,true,false,true,true,20,"title too short (5 chars, min 50) (§1.3) | description too short (81 chars, min 140) (§1.7) | keywords meta tag present — remove it (§1.9) | MISSING: BreadcrumbList schema on non-homepage (§2.3) | Heading hierarchy skipped: H2→H4 (skipped level) (§3.3) | 1 image link(s) without alt text (§7.4) | MISSING: og:title (§9.1) | MISSING: og:description (§9.2) | og:image not accessible (HTTP 403) (§9.3) | MISSING: og:type (§9.4) | MISSING: og:site_name (§9.4) | MISSING: twitter:card (§9.5) | MISSING: twitter:title (§9.5) | MISSING: twitter:description (§9.5) | MISSING: twitter:image (§9.5) | MISSING: twitter:site handle (§9.5) | TTFB 893ms (max 800ms) (§10.5) | CLS 0.7108 (max 0.1) (§10.4) | 9 image(s) missing alt attribute (§11.1) | 2 button(s) missing accessible label (§11.3)"
